x,y,z,d,target
4.462819491978735,1.7714658910408616,1.9246001603154603,0.37060442566871643,5.378827336531348
3.6850219040643424,1.1866032108664513,1.1372012073331035,-0.5659314310178161,4.121715255805677
3.521357629681006,2.514974190853536,2.6249050272124577,-0.4136015144176781,9.164908983072271
7.11923972517252,1.4324993742629886,1.5251230885682634,-0.39391972543671727,3.4566988274543338
2.590395186562091,0.5122950710356236,0.23504977390270204,-0.26549911219626665,4.122861072214397
7.165044613182545,0.1354249636642635,0.3492416010985373,0.30774929327890277,1.414004643038174
6.326223603915423,1.6612750694621354,1.5934370693681776,0.9794650077819824,4.340556725591393
5.038168769329786,2.800694127799943,2.7123758021610227,0.9004624090157449,9.828735755195883
1.1881594937294722,0.5777695414144546,0.563951006278313,-0.2076090439222753,8.750196128177134
2.58959889318794,2.0077056682202965,1.806896378564741,0.9887903332710266,7.892483947820354
9.302378167863935,2.111576048657298,1.9000021792327526,-0.06449599796906114,5.533747332273745
4.910529319662601,0.4021820412017405,0.6179729361978961,0.14316151337698102,2.1981907348122522
6.303891330491751,1.4488503544125706,1.7955607853765185,0.4035192793235183,3.685489111030567
9.322188827442005,2.2702118244487792,2.1527606618356927,-0.624655356630683,6.226571172516223
6.480218548327684,1.1568598633166403,1.0257786402527096,0.29231205116957426,2.8814825744389005
8.478769876994193,1.4441139763221145,1.4912495586550663,0.4615063569508493,3.264881547742307
1.998032890027389,1.1992193944752216,1.254115109863587,-0.589239286724478,6.443049772681143
6.907484233146533,2.5246755878906697,2.4085101900944963,0.1940484126098454,7.821691902014201
7.529408228117973,0.602591780712828,0.49857424842557657,0.02486761473119259,1.6912424780073556
2.9515566860791296,1.0571538310032338,1.1922857941350375,-0.22074000630527735,4.505616893976904
2.326001038774848,1.358656589873135,1.6103272339202679,-0.11188740376383066,6.14517194849805
1.7337528932839632,2.4544190601445735,2.718588595306295,-0.8050105418078601,11.792007565636746
1.325289810076356,1.723075062269345,1.8864757194647108,-0.07539072027429938,10.514507090924347
8.280473734950647,0.3329849489964545,0.23271923677579295,-0.2724174470640719,1.318539349334592
3.3540958298835903,0.9544034900609404,1.1666620187066794,0.4082059278152883,3.8923154463978413
4.431132218334824,2.732478731777519,2.6114384900316963,0.8898232537321746,9.723199580665618
2.0699802215676755,2.8534490957390517,2.8255799625537,0.05955458013340831,12.973135775256715
2.8544535133987665,0.630188207840547,0.34284370933720715,-0.08896652050316334,3.9004347272736775
8.349407116416842,0.6294792643748224,0.7172682617765481,-0.3582618413493037,1.593933975492076
3.1489725774154067,1.0032368637621403,0.8967529224259192,-0.1874341950751841,4.182123164553439
8.53888189420104,1.6869337898679078,1.8061100749035874,0.49634096305817366,4.0168591276526415
8.32541049667634,0.21416331245563924,0.10846641083409808,0.8520293575711548,1.2470078986015847
6.724205372855067,0.28029510704800487,0.022714999381753198,0.3563760221004486,1.565729918237619
7.232227987376973,0.6268378109671175,0.456894844974545,-0.7284264615736902,1.775625414751618
1.5065621852409095,0.9154085281770676,0.7778456561303103,0.710602740291506,7.47560120855834
3.2567264647223055,1.055172520922497,1.0840439022023167,-0.03693517204374075,4.183957028235975
9.670072646345943,0.4748804282862693,0.8513953925315496,0.15940723288804293,1.2596298156964825
5.7635013912804425,1.4039496614132077,1.8555001744900905,-0.8305871435441077,3.706131056059168
7.327155595179647,1.0775373405776918,1.0901684149970132,0.6493200254626572,2.52587280548513
4.094119861954823,0.33638261421583593,0.20183240542707484,0.3544400758109987,2.555680677384448
6.025376674486324,0.4149025494698435,0.7115686807802956,0.43432675767689943,1.831791404098298
1.4986160970292985,1.5425150636583567,1.8249717935100167,0.40508667612448335,9.052175748019083
9.963141525862738,2.070782633498311,2.0044825628569365,0.06118257297202945,5.291840198342306
2.538504768628627,1.5654236592818052,1.7058070542796293,0.40708208410069346,6.389878085437583
3.8338476680219173,1.1908122058957815,1.2285752821217402,-0.94612139742821455,4.026379389015764
7.78696569125168,1.5504989891778678,1.3166925429617926,-0.8052433785051107,3.68824437487405
7.840530706569552,0.9671077276580036,1.1469324522085342,0.2434940468519926,2.2107212247752086
6.332010587211698,0.38638169621117413,0.48201079768278826,-0.3931214986369014,1.7285680229778058
9.242416691733524,1.3671084665693343,0.896617107346917,-0.3115192069672048,2.950953656404945
9.268796554766595,0.48141757515259087,0.4416170750170007,0.3384167440235615,1.3106515961729037
9.663892564363778,2.960630582878366,2.8586222373285044,-0.41835588309913874,9.800113163942854
8.625743533717468,0.4852073744405061,0.21273325369094237,0.3944062441587448,1.39474654476003
9.155435082037002,0.16085398010909557,-0.15230479450953394,-0.13225540006533265,1.1181213849796465
8.21325797517784,1.4838268915191293,1.3450158391544549,0.13484462862834334,3.419285882612551
5.822809527395293,0.772898675641045,0.6092470416601244,-0.4678388857282698,2.3147563769939192
2.2901812919881195,2.519117285264656,2.4712136768317245,0.8070431761443615,10.71241844477877
5.716376022435725,2.799950506305322,3.0394101958137103,0.5328417913988233,9.589082914974755
5.960004654712975,2.010020157555118,1.9203768908887335,0.822333908174187,5.718032072382767
7.881364493165165,2.7985384315252304,2.885665344381823,-0.22063005063682795,9.100633178799518
6.44615577836521,2.3764691159594804,2.2965177539737622,-0.49482258735224605,7.198917643273681
7.136333181289956,2.187531614676118,2.2431272360758014,0.9891043314710259,6.186574430645682
5.852501885034144,1.3754694673698395,1.3075347040373286,0.7945876745507121,3.600587213222741
5.695369868772104,0.1374482607934624,0.0741428966410267,0.8155330182053149,1.774704242110861
5.49065629648976,2.1947385272942483,2.1152772103925837,0.46217949874699116,6.63815310537889
5.566585237393156,1.382646504091099,1.4023677052017747,0.10924901207908988,3.7081448191565123
4.014817517250776,0.9452567514963448,0.9424642188870206,0.11580278165638447,3.384283557419265
1.6409348407760262,0.1409957972355187,-0.08389462120774804,-0.24574690125882626,6.113967009227119
2.3588151440490037,2.323173863114789,2.362251260697079,-0.8390096346847713,9.636553365186844
7.179827888961881,0.37868163641542196,0.6166922854474863,-0.3875835365615785,1.5361908283756596
4.538684258935973,1.408119783969596,1.559926568386019,-0.9678545473143458,4.1860830326623235
4.412088092183694,0.6127679608762264,0.5810975963631294,-0.4844950642436743,2.641985104025764
4.271351568866521,1.893783224746585,1.73421254658428,-0.891613956540823,5.927594231349831
4.846237515565008,1.7921322318725288,1.8038388049793654,0.1221531885676086,5.275194374192502
3.5031806386541575,2.630708706798032,2.665951158507752,-0.24881623312830925,9.775177074830593
2.155512851662934,0.47213843604549766,0.5358040519250136,0.4267857470549643,4.86218186943594
9.693813418969512,0.5454910474363714,0.7733140215411829,0.7416612762026489,1.3291462548918627
2.6737557407468557,0.5317922257818282,0.15139604771445592,-0.05009824736043811,4.022860392356501
9.823692467063665,2.945076949428767,2.7392438248910413,0.933209246955812,9.691425413574153
9.901776761980727,0.02349723852239549,-0.36728888528127906,0.36830730736255646,1.0104718791039184
1.9679124874528497,1.2206310611218214,1.1742079011957762,0.40173882339149714,6.5714669644849755
5.671607311582193,0.9583441154100001,0.8965001113447318,-0.7653645863756537,2.6815920570623386
8.874334091320634,0.4514092749450356,0.44201863109413697,0.41640998562797904,1.3306154462884763
9.06164974742569,0.9024792665150017,0.9069749834452572,-0.18454543314874172,1.9180206386570888
9.257471453165635,2.7718085213564336,3.171567807999988,-0.07337177963927388,8.763131049038227
7.167758231284097,0.861708459444344,0.8840150492126568,-0.4208268974907696,2.1376778111987518
3.027924469904974,2.3859628883656114,1.8733223661664389,0.8972962750121951,8.99541119168217
6.246011384762824,0.12960260803811252,0.11413809123361855,0.017848141957074404,1.6178185735618724
4.0650971157010645,0.7573123548645526,0.7037567030394217,-0.06329047260805964,3.033487832767476
9.098835015203804,1.9924546256661415,1.7172817602937278,0.8977153114974499,5.068917233908263
6.384721532696858,1.8682134188711643,2.033903494337254,-0.060848815366625786,5.056460399022898
4.279714082600549,2.1162297658156604,2.1274427696030465,0.2734500025399029,6.815033112363619
7.654035037383437,1.714915880933404,1.9159388979544396,-0.4592856988310814,4.247436899848717
8.87916827853769,0.09460431709885597,0.47057545492228037,-0.26413467014208436,1.1351815884131664
5.380345394369215,2.5700941449031234,2.575704013778145,0.6994928140193224,8.464000650513748
6.849343440495431,2.5642843628302217,2.3877364994943058,-0.4907135316170752,8.035548245704641
2.107553338864818,0.24048038804903626,0.2630023712412232,-0.7711363616399467,4.802669211202909
5.404764061793685,0.944644836243242,0.8891246461310737,0.8596544610336423,2.7425733925385662
4.188509852392599,2.888001340907067,3.1122399125677767,-0.8258445016108453,10.72803568385884
1.895612250547856,1.1809174418449402,1.2392064860955263,-0.3021648242138326,6.66990646351102
2.7817701417952776,1.1747651947662234,0.9671767394664161,-0.6493029347620904,4.9749065848807374
6.77121571265161,2.0040985483210534,1.8554085193027257,0.8714831918478012,5.493250664547241
6.364893398946151,0.7930271776858717,0.5755285711019379,0.63476542243734,2.2000103265214253
1.2550066278781742,1.4542783303186297,1.0965205773562712,0.6501297750510275,10.083010871198187
6.8714996562339365,1.9366398404818028,2.1171611515840025,-0.8718165531754494,5.20586027213112
5.44526953343302,2.532762546557933,2.701810073211163,-0.5218084375374019,8.251342501747287
4.694263093871996,1.398121433565393,1.8651882615236528,0.7905482449568808,4.085003351622685
9.521554783219472,2.9366463732440025,2.9294774623414703,-0.9720575767569244,9.674140565503121
9.402880231617019,1.2731987521983683,1.2090958299585657,0.6348668737336993,2.6845389841293104
6.747188983019441,1.5645176076795906,1.7759507613741605,-0.8827342735603452,3.92981404171785
7.488780783023685,1.0916823567822576,1.387764813116532,-0.7258539958857,2.5271012169801503
2.5404430313501507,2.9193230546079576,2.8892752749998567,0.8753840252757072,12.4587683909697
1.912078713066876,2.1126403589732945,2.066275316830389,0.46618975792080164,9.69315950483939
5.923427454195917,2.873364195926115,2.8427681329980454,-0.4503558548167348,9.944433581392055
4.515077971853316,1.1915294746868312,0.9973024302777309,-0.8678660206496716,3.634543664650491
4.137903257040307,2.3479515993967652,2.5639155458257976,0.012364784255623817,7.9295596026833834
4.288439807249233,0.6951110162772238,0.77315813693868,0.7468629810027778,2.8150297063161274
8.209028345299885,0.5936319907195866,0.869506725941802,0.8077170075848699,1.5705699077072732
4.461544941877946,2.99697122303769,2.887834552203486,-0.6984362150542438,11.223212566484808
6.930730777326971,1.0562077893409878,1.0356806136247796,-0.5550583931617439,2.5584241869702984
6.849973916774616,1.4636813134420663,1.6693888497378748,0.49571924144402146,3.602222560727709
2.789955493528396,1.290672144619748,1.1029439393831748,0.951213963329792,5.250121152620762
5.825039947638288,0.1734330877661705,0.26098810160758806,0.8442995608784258,1.7468054601095788
8.285595004446805,2.379465833539143,2.5287321409884798,-0.4962997115217149,6.868771579455307
8.263006821041927,1.3300037600565702,1.2926013444306894,-0.4713254142552614,2.9791232106578693
3.5110663541126996,0.6414083833806217,0.2775552947437562,-0.16537599824368954,3.259542286005087
7.53060974041,0.748740813229233,0.660595253236351,-0.9296901458874345,1.8885265261579165
3.665928525850177,1.4160860397387296,1.361786018042772,0.2678998406045139,4.7331215401231965
1.8903709542937577,0.594207213493064,1.0059684750235456,0.16425509937107563,5.643049230567635
9.580146180698648,1.6359241171739995,1.8726772025971448,-0.7289747572503984,3.7200731255933386
9.812730775447562,1.3861962819937617,1.0768209912854956,-0.16117634996771812,2.94062444511642
9.343735398026183,0.9571147318929434,1.164951028223776,0.6632528179325163,1.9863043962331153
4.853287123609334,0.9650557099375874,0.7749211038605645,-0.05764745082706213,2.991791701837389
3.4160058407578617,0.7247628746554255,0.8296866490863036,-0.8235177751630545,3.4526766875326413
3.9326065809000283,1.9893254509661347,1.7299824190709971,0.23708776803687215,6.500258466081494
5.22761466098018,1.7436362423468381,1.9846652112231862,-0.9211581936106086,4.953185693383841
5.363364829914644,1.5090332000982016,1.3778011751938268,-0.7413663254119456,4.141682368903025
3.595057914732024,1.057003755820915,0.9346779414742644,0.8509526075795293,3.8988532971470216
3.253076068358496,2.259856289019808,2.545321995497281,-0.3836575783789158,8.180964023669544
8.811387186637148,2.013872070936486,2.032619715603076,0.20458221901208162,5.190575801946492
5.477439747191966,2.4767456925474107,2.461195864731422,-0.7104297457262874,7.9599396959807045
6.951681947801262,1.3760744382161647,1.1943446905748074,0.3086556289345026,3.3320816532893134
2.756558988476172,0.908608227269724,0.6796742477972134,-0.7252992307767272,4.453280141151082
3.2958084775600582,2.169719844823703,2.0456030389898254,-0.8196086380630732,7.74184109492796
5.604977151378989,0.7372063177172095,0.6066479416229158,0.570511840749532,2.3276017480807507
8.225857687648386,2.3449109117500484,2.1489583291140746,0.6362541918642819,6.714285886462989
7.748610649257898,0.8161259943153709,0.813018839143065,0.5145872659049928,1.9566155782196706
1.4304553468246013,0.6590950128156692,0.6345591283237728,-0.4773948546499014,7.425187194022854
4.750616762088612,2.38890258455649,2.1661480231558725,0.0046693552285432816,7.811845394726385
3.9255605100188404,1.9989274847321212,2.097634086931364,-0.5242059603333473,6.543118007153901
9.155050928937271,2.9412501726765186,2.8418154856317313,-0.4539399314671755,9.743245791887066
2.2115156115032732,0.7482863436453044,0.5219611223974294,0.6464438126422465,5.081718302470593
3.639266909332946,0.3992518256418407,0.1481196204071461,0.009055172093212605,2.9072081716641818
8.971642373362556,1.7290175661910325,1.705355918815584,0.5171111705712974,4.104124862667723
1.7231393691617996,1.297227154718712,1.2909704642033788,0.15800931444391608,7.486159399718856
3.166387213394046,2.4909223483409733,2.4229981355198285,-0.18890706589445472,9.362867586065608
8.33703415747732,2.8134878519922495,2.9328082904923938,-0.7464867006056011,9.115181211194766
6.5749420169740915,0.010132359573617578,-0.15364001173741856,-0.5481258761137724,1.5210286248457916
3.5298460584599525,2.9814623412676156,2.799746177409378,0.03390306793153286,11.722102427250517
5.690804145531729,2.486818633507937,2.4925817118695566,0.6881307931616902,7.941487819066415
1.1249352402519435,2.0969963930547237,1.802368543245456,-0.31774513982236385,13.286794472789632
3.1450128238648176,0.5941378916613758,0.36750127718478975,0.8075028518214822,3.5326371076818908
7.689790333621204,1.1718851141631603,1.121899605348739,0.43142502335831523,2.6737402936867696
3.0132087271194905,0.2034112843684852,-0.06721944462675894,0.039082121104002,3.360097455905999
1.307462522527203,0.2803250157739967,0.5398799327298607,-0.36090714298188686,7.726984900554624
4.63521729875356,0.2388247491326183,0.42286514005087283,0.5815312373451889,2.214433420561699
7.736009117914364,0.4187736182939261,0.5690519445986684,0.328867610078305,1.4680275240500886
4.785918901208788,1.9322632988914847,1.9580118027046685,-0.007645012810826302,5.8231043590670115
7.055820366134867,2.569350547157228,2.6879811456460314,-0.8125554053112864,8.018831875563713
1.4932702553924173,0.7609509488102049,0.8954560613975437,-0.5512530039995909,7.2757577849561645
1.728685555048287,0.8296081800945103,0.9092688389498141,-0.7366428654640913,6.472991770033613
8.39401064091362,0.3552492647431791,0.3089209427289955,-0.8658856777474284,1.3175276683120174
5.268456297228113,1.1219196268357337,1.1351689718709674,-0.9636635845527053,3.1567928493752064
8.417985840700567,0.1695105575490743,-0.42940868235766716,-0.2971370187588036,1.216666452106309
6.894421257078648,2.0143492568749934,2.0265792121890565,0.775159249547869,5.508050997788544
7.0417558217886835,2.709814618807286,3.051089598495052,-0.5587238147854805,8.763195631489205
9.325957398163155,1.8529293879400939,2.0949835684418145,0.014592345803976059,4.5056232850521045
6.154747052118182,2.6738877198658884,2.5781351423223544,-0.5434693861752748,8.774437679821187
8.317288336111233,1.8061515279114246,1.6904782444331328,0.06449574418365955,4.464498278555258
3.704163532704115,0.48884934559464455,0.41022024308765626,0.7851232984103262,2.9386385089601146
1.1814457087311894,2.992118068272248,3.2206377535807076,0.922977585811168,17.416976655928398
9.311772586079314,1.5639266856014729,1.4533192057635471,-0.3675766936503351,3.5197760660318127
5.223997182445601,2.3918266121763736,2.182781522125472,-0.09591105906292796,7.63507753534217
3.530806004302576,0.07980675506405532,-0.12491703834819454,-0.9885605568997562,2.8385836288956456
3.453029029769823,1.1819377115461975,1.6127414938564777,-0.38919835817068815,4.29298484246385
5.628473413409665,0.013977240538224578,0.25636271914161635,0.7517488226294518,1.776876048316851
3.146239815047011,1.0707410615868866,0.9751117252055935,0.7640620418824255,4.324883678600839
9.919263840653002,2.2225033761933446,2.3754973515943703,-0.0589609257876873,5.94766058694794
8.41839415463619,2.3481657444499433,2.2180438311765367,-0.807282330468297,6.701757368582722
1.4165513578336686,0.481722301337868,0.48371403607767605,-0.9251317512243986,7.291454500989433
6.682601909618825,2.699923380743712,2.7265348762080754,-0.6059063863940537,8.786009381989846
8.857373498845845,0.885391732910648,1.2046202123322614,0.15247332956641912,1.9129213793195214
1.007798958569765,1.9293757451232523,1.9866454727107272,0.8479076661169529,13.645104710809548
3.815296108601615,1.0036795393098146,0.9709508450577393,0.5309396414086223,3.6284011604609807
5.864870581775904,0.25355437444522977,0.23101553838364292,-0.0698476005345583,1.7693572831708053
8.497891889885068,1.94397833221592,2.1067382338890317,-0.5353008448146284,4.955814196690146
8.368843094445765,0.342457783408463,0.17171094702827053,0.01214829832315445,1.3121856244610892
1.5753493674565107,2.662849926855415,2.440098166357458,0.47808769019320607,13.438568009691423
7.12840551440604,2.1479676046874374,2.373603974463067,0.39515863452106714,6.01660309241345
3.9484316853340715,0.5967493609059602,0.49125301188124404,0.5267341113649309,2.888760937443682
9.429188657784835,2.514646253781393,2.6358524941878936,-0.9639545264653862,7.38398241560609
2.223621225450188,2.5709254725370556,2.2080193240525006,-0.4748481442220509,11.10682658618879
4.294510886771604,2.018612612038851,2.02435238834168,-0.0067738876678049564,6.403350760254627
8.976822525728494,1.8395268386229873,1.9461745938998842,-0.6805257014930248,4.497838905662494
2.816950405947864,1.2126351858023554,1.470439724216388,0.46696542436257005,5.020422345824169
7.393097867257893,2.71085278945975,2.927713164301818,-0.5372707336209714,8.701335807501186
1.9947523053269833,2.593688511522487,2.7049407415611877,0.14258459489792585,11.740373844918478
3.8632013988681138,2.7558212920557708,2.5850153040378334,0.7355545810423791,10.183077701915398
9.642101619392633,0.9805597211234272,1.1567226050493515,0.704886894673109,1.9986156625482598
6.516005249461159,1.918238234706223,1.9661283328560644,0.9645016803406179,5.214320543833967
2.240951401181519,1.356844577472657,1.4186229207854746,-0.9642802756279707,6.303417598715756
6.753773143980652,0.7221701710950583,0.8506443580055596,0.6261503668501973,2.002183575271978
4.712925292318687,2.179300447460264,2.0873173398004004,0.03334817010909319,6.871174865631076
1.3489047368057072,2.9336709631606936,2.7435817818172206,-0.5765756294131279,16.019847281735416
4.503500732127577,0.5764678032137454,0.6799774567085083,0.5004185391589999,2.552809937582409
3.7002118886448443,0.34649467072449625,-0.04270432247539263,-0.11830427404493093,2.822606492186518
5.997721083695069,1.3537699556909502,1.2037251731410654,0.8327629929408431,3.499993032434368
6.855787020176649,0.2316342769190669,0.06151679887318984,0.3411588710732758,1.5122761793466128
9.691519560292363,2.605819425545633,2.6790479945385233,-0.835611798800528,7.822124813762734
9.414981983602047,2.781468177214265,2.922307627095194,0.06464668409898877,8.79870214447556
4.2766039941925555,0.657630838220939,0.44653309567745314,-0.9152496121823788,2.7707822665249875
6.391065663192421,0.9570523593574762,0.8959130970036383,0.9809631453827024,2.4806335023625072
6.955675641773269,2.0766818176489323,2.376678149180216,0.16909090569242835,5.750282231107899
1.6213301685638726,2.0674726576544344,1.8159642644123686,0.16253325110301375,10.442218387262127
5.646899323910475,0.20201353775337338,0.35433838367370607,0.08668934646993876,1.8116928208807954
1.5662859233561903,0.5214757989160717,0.2507764696992732,-0.9172452599741518,6.6564673496324644
4.594544526422396,1.742400174262002,1.713520177756761,0.0325833223760128,5.212452673176449
2.016634290339425,2.7180792612489313,2.9430487290718768,-0.338461821898818,12.346712166141742
3.0884131530765444,2.398455737857148,2.411041577348143,-0.15276328101754189,8.990498685538444
2.0758222530130297,2.309937196550891,2.1271181621238218,0.12720211409032345,10.153177998769126
5.860392881091684,1.3947087745182216,1.1870385327360455,-0.6706741033121943,3.6515828045231986
6.664667935110629,1.1883930880576372,1.091188307865745,0.4593969974666834,2.9127279812125253
2.785547595238313,2.0883908020332456,2.1370451072889374,0.32864410150796175,7.951334546279929
5.803431537467986,0.11400932678952813,0.24311553084456958,0.6315934732556343,1.7361165842589235
7.860536262160167,1.9245702980551869,1.623658324002947,0.892380254343152,4.976148666655767
6.10143058327958,1.4126268338877708,1.5101507617230974,-0.2708519990555942,3.6344744622107554
7.997030329192057,2.0818740776740015,1.6519096351541205,0.03621880151331425,5.584663858663692
5.468097437173128,2.622568191960454,2.4592753850665927,0.024127201177179813,8.706653571794764
8.396391116082668,2.394071151036769,2.386908201521465,0.7796962014399469,6.922564549676786
5.858518695924431,0.2017240351997316,0.1473346960899382,0.46323938434943557,1.7476087061391836
8.839237212436274,1.9538987826090306,2.160310989541972,0.24244454270228744,4.949039791631544
5.858627851353958,1.2879230277612805,1.33711544206369,-0.34234319906681776,3.365630042674106
7.840921747498214,2.2462689362000674,2.2424271601338135,0.22258329251781106,6.321084393924991
8.398208937142044,0.5837029782123864,0.5838642390087142,0.24409907776862383,1.5314392468240368
5.024647206766531,2.580858359578997,2.5773038712478673,0.41177083691582084,8.651019349896561
3.5143181113526225,2.091973293805495,1.9451650468815271,0.610565937589854,7.221854485512425
3.2553535257466137,0.17073469469323754,0.2850781034457449,0.8968638479709625,3.101013321331319
4.088941191090271,0.7926797652617097,0.5689008115942842,-0.4536971324123442,3.073962101499728
2.374432494631037,0.3350949604064226,0.6617455431853732,-0.44603189965710044,4.323821292446029
7.5021432507783175,0.4677186207845807,0.6678318064698507,-0.4129813346080482,1.551713128053797
5.653802881482989,2.751813609385863,2.305682495409485,-0.2023986759595573,9.341199160904628
5.51801128918305,0.27809826470911503,0.18448196793701796,0.44204325415194035,1.8895857527013227
4.804084934992716,2.8789730051066726,2.8848512871066783,-0.18292308365926147,10.370047429777847
9.702164156129584,0.036666263127699494,0.3635571259877708,-0.9452924923971295,1.0320422920549766
5.233430278953165,0.03825510875321925,-0.12723484602112178,-0.7613031738437712,1.912256082076467
6.211055583786219,2.3267591760959476,2.582838054475673,-0.2934845257550478,7.02384054632077
7.853101331740618,0.6339868486393243,0.7352273180382677,0.5538091342896223,1.6753215942028123
7.849192607216537,2.0605018415953964,2.0947036516694038,0.483155548106879,5.519684225413718
3.601110422052443,2.2764221930410713,2.1955648294638914,-0.07884027855470777,7.959019235809626
1.8084254707209766,1.519553028512746,1.7310560553152214,-0.5476756575517356,7.838713578140551
5.221842605853453,0.8656140582170337,1.0403551750271152,0.5351944365538657,2.664320523320531
3.4981604444328696,0.12791130901314318,-0.09801820387898363,-0.3766348916105926,2.8750066278082422
6.3744708863087,1.7671965637709945,1.650508720100379,0.667812414932996,4.691741350086934
8.977952167391777,1.2874517287127674,1.1708601448995901,0.8176926863379776,2.771371704028402
8.543497778940946,1.7178493507672101,1.461535920362903,-0.09085605666041374,4.121487178459908
8.61227590451017,2.8372391229495406,2.5665543384086074,-0.7116452711634338,9.211059101141107
6.709475793642923,2.9136794046498835,2.896356908905976,-0.2612795424647629,9.97995707584807
8.423919207649305,2.2862000085879117,2.680332588855454,-0.8042568634264171,6.413806384807338
5.778278003446758,0.06601769663393497,0.35372895474777044,0.49518759781494737,1.7349777343031736
1.4013741912785918,1.1635106122121215,1.3742859442207471,0.3191554616205394,8.4896097827764
3.044656209181994,0.23774002538993955,0.4528984659789517,-0.49013977544382215,3.3409633940143535
6.648079513804987,2.5622109153773636,2.7902467152586166,0.25807434087619185,8.069118576898667
4.17601785575971,0.06597302737645805,-0.08311244551575703,0.31505692191421986,2.398978216715147
6.5496460639406,1.0332154026255012,0.6246205496286175,0.23879129439592361,2.594334127702965
6.091115913819522,1.5330136260017753,1.4167770387236254,0.6663551791571081,3.9918660755190896
5.754686233820394,1.16456160787493,0.9939387063633329,-0.6290578418411314,3.093917941133392
8.977411408908665,1.2157212139572948,1.3165117974702454,-0.3101764707826078,2.5918849129756127
9.995153455762193,0.4146567774005234,0.45812974141412544,0.9294107458554208,1.172425132471774
1.002682043472305,2.43434353871271,2.586212252049124,-0.9785699127241969,15.899279770908237
8.036102742655203,1.1625936585478485,0.8791979438530475,-0.7288790820166469,2.5960083041756645
6.334895481122658,1.5038122376427054,1.539284214043426,0.32159608229994774,3.840009255414814
8.69304967764765,1.5792835294269025,1.6667722662958318,-0.04210434900596738,3.644480749489694
4.079088756348938,1.443417446454987,1.8177640477320058,0.3161536785773933,4.534981851019418
7.399616152746603,2.6678460594266653,2.84938538575359,-0.549316774122417,8.468824048070312
7.62020392017439,2.027078007347882,2.0257253124037837,-0.8987539713270962,5.421346087162697
8.956387950805947,1.50483692670241,1.2161226442424935,0.033266451209783554,3.381055708411508
8.911112111760303,0.006892868550494313,0.03951420300901739,-0.5716910227201879,1.1222418993387724
6.6554679435212165,2.743641700129956,2.4481638237950967,-0.7020849199034274,9.030093731156454
9.448226426262408,1.6068755532614887,1.3330078678097388,-0.21411927044391632,3.64044874207248
9.89347482426092,2.193952636560425,1.9748867884453858,0.31353379832580686,5.824195386996967
3.0262334796134382,2.537122114794329,2.5132040921850156,-0.6972277192398906,9.741426325696722
8.28736658883281,2.386812668060884,2.3570560492481034,0.9117096979171038,6.903530637770412
5.836432691197842,0.5112798227928579,0.6800573526288528,0.11798148462548852,1.974782423466586
4.108526475960389,0.7174143337178975,0.8210079498533945,-0.8088349755853415,2.948645978895483
4.117687062127516,0.9083953346125782,0.852657210993559,0.5531627219170332,3.2537299189611275
2.4446937267202884,2.7709258385002613,2.6517507665096725,0.007823960855603218,11.768521948637696
8.817216490162537,2.5931782198604196,2.743223634057819,-0.03441557753831148,7.858718053556462
5.859234175179154,0.7329775581602007,0.6132621280625097,-0.8960314160212874,2.2439637866210562
9.209376333747059,0.6206287618260831,0.63918063115266055,0.9389196769334376,1.471029919714057
7.160843198886141,1.6452790007460862,1.5652695629788398,0.46015115175396204,4.103426577809238
9.033553928602487,2.5585932622198015,2.2762603792238703,-0.6834947406314313,7.6533835188815464
3.5720042276661843,1.0259301646146923,0.8252845109568663,-0.16841653361916542,3.8520814609088783
6.6283174839336425,0.6675009112805128,0.44249935844213417,0.2901327768340707,1.9542359546138772
5.413903146283701,2.6520495344884694,2.6086813905708635,0.8938078624196351,8.88046294655609
6.825378623791039,0.405480373185128,0.6323472136879309,-0.15773861249908805,1.6295345192128243
9.80933339940384,0.2850761243607849,0.6126995177682635,-0.22467115009203553,1.1007056604407868
8.827558857621625,1.0282904834020883,1.040058070065488,-0.2538632368668914,2.1901973279006057
3.2200940484181046,1.2156261149793863,1.3985883510692683,-0.5145723265595734,4.583246209400608
3.694413705030456,2.246977990027517,2.3966555147842996,0.9039710056968033,7.75569952664826
7.186689140973613,0.20088683045469224,0.19847433438157433,0.6288383160717785,1.4318168444206882
8.100941304583102,1.6399197389837354,1.3370595997855395,0.010067642666399479,3.9237611985318646
6.511842289241031,1.669332341523841,1.491474235693652,0.06287194276228547,4.322334193529325
6.498494194354862,1.6089472104795277,1.235783602849876,-0.4955834839493036,4.127529150858855
9.27222327166237,2.140360180987045,1.95942346000071,0.536672648973763,5.659631696130855
4.005872876150534,2.062955052126199,2.0414814856824344,0.4325015642680228,6.752118380765902
8.550730179529637,0.4498447165824473,0.31839730597926996,0.8602728727273643,1.3718510364969672
6.138171233003959,2.6575532904826105,2.7616567313287477,-0.8252766360528767,8.691739220623967
4.923121182480827,2.071570396889001,2.015614742147462,0.6179192424751818,6.322635648104708
3.190883887000382,0.8101247325539589,0.5409176872036521,-0.3579899915494025,3.7902299700322675
1.4082527498248965,0.1202844874933362,-0.15333684135599873,0.8122399477288127,7.115466386334752
1.2512471682857722,2.383503128774464,2.4388647394527094,0.5769328786991537,13.673113243705997
2.9990100932773203,2.487507379380986,2.5978103468800677,0.6020401231944561,9.522126555218122
7.491440247744322,1.5960929626598954,1.708821727626177,0.23093755776062608,3.882369551259711
9.952985997311771,0.1278313386719674,0.3496081316515305,0.24166832584887743,1.0210644589866589
2.8991487631574273,1.1992179499939084,1.2565067371256893,-0.40631062304601073,4.887412023073253
5.362801601644605,0.04479788686148822,-0.05590349215010311,0.0664302627556026,1.8667038398180948
2.9276692636776716,1.200200741412118,1.241297943908109,0.2698788084089756,4.856168189750496
6.930025507230312,2.902810645289719,2.849485917312688,0.7353841550648212,9.869305774177203
3.588863782584667,1.4442949995864183,1.5118974931423144,-0.4224978592246771,4.872385247230406
4.041060401126742,2.4558797897771,2.2791711298869934,-0.22785087721422315,8.505943545174482
8.907615368254483,2.126369560137391,2.2223473709192314,-0.07807078631594777,5.644082418832316
8.926916058175266,1.957246912876144,1.6401771120288275,0.4823832781985402,4.951023166131385
9.464071404188871,1.9109328109771013,1.5571239767606544,0.4801987484097481,4.7082919080219465
4.288607755443081,1.8114240628201514,1.8023435324873787,-0.020615943241864443,5.613016198035904
7.075622293865308,2.566088088322431,2.686812502545111,-0.8027437096461654,7.998111329335041
9.11865578754805,1.9789472508709878,2.160658560227657,0.5697650080546737,5.012885087347979
8.661116338567808,1.8735668007284403,1.9828189347144485,0.5352944401092827,4.664838133188019
9.80329784238711,2.0393352122046053,1.9960053808641132,0.9217464262619615,5.1789530043443754
3.7924374726135284,0.6951281195506454,0.8451520566424147,0.045792713295668364,3.12002970084335
1.6628441466018558,1.6491706806700677,1.9369394006400409,0.08789089368656278,8.733556639952287
4.624109818600118,1.1595778218470514,1.2846652171085073,-0.17815113998949528,3.50719912212279
1.2965121255256236,1.5441833320073783,1.6655507875542241,0.21052233967930079,10.097503686800344
8.976461433339864,0.6047466520685703,0.632011478276126,0.46275510266423225,1.4797432404440949
2.9216531694401056,0.5069019491784275,0.2235779811041287,0.2302448288537562,3.679669334132422
5.816167363664135,2.3966930913738906,2.332812872266115,0.5917693101800978,7.463483070675251
3.9757871746551245,1.8446920237038285,1.9046713090614522,0.0369701087474823,5.918113839294828
9.972862477879971,0.9653639593161643,1.0433745416114042,-0.5195528278127313,1.93464871064933
2.2338020966853946,2.6727812332101166,2.8539201633262024,0.3341664816252887,11.620431834068963
7.452398836845532,1.3273451593704522,1.2629578608448306,-0.9688077317550778,3.103694987033403
2.540070606628433,1.010132976807654,1.2125594592266469,-0.9155608187429607,4.9572670673992185
6.398178315721452,0.4125201073475182,0.6382988950858872,0.405637567397207,1.7331177127323794
1.5651579245459288,0.7196957445703447,0.6023753031430811,-0.131227548699826,6.907093593691079
5.688326980918646,0.9923583660274744,1.16320512558142,-0.04123182874172926,2.7427612679883846
6.57967319060117,1.443828133866191,1.3024643031794605,0.020449053030461073,3.604472004685823
6.749898558948189,2.079694279236719,1.9135049843090428,-0.24944844422861934,5.806632041060047
2.5748360042925924,2.114358640741557,1.7501437450800954,-0.6376628144644201,8.354254953755134
7.353553778957576,1.2499676349107176,1.1081535494793744,-0.9805731223896146,2.9223057908075623
7.555088005261496,1.6129156616516411,1.6019463386425006,0.7554461318068206,3.925108250626929
5.0968062651809305,0.7448583478108048,0.7464024549751004,0.11187597271054983,2.516826928722872
1.3675405532121658,0.5552934247534722,0.48397528056581995,-0.6204010127112269,7.620748198028826
2.665596980601549,2.698774049291387,2.9226727798428622,0.8428361029364169,11.034886218801475
5.784535582410172,1.0720854811370373,1.1017464202180258,-0.13306923769414425,2.8781145322153643
6.093108734348789,0.9798673465847969,0.748822007832039,-0.4471294195391238,2.601338366708842
7.20716312341392,0.9484630201477557,0.9819202888266876,-0.053444820921868086,2.28709058745873
1.477921289158985,2.978988175978884,2.9562588051044045,-0.8145295912399888,15.640630754266788
2.373923832550645,2.076612890465185,1.905891667493554,-0.18759826757013798,8.524756164426066
1.2906058300286531,0.22271326719783247,0.18022173696217372,-0.6161049385555089,7.797900306153479
4.585811662487686,1.2412353856489062,0.8880343145544731,-0.8597900308668613,3.7213043353856063
6.394004029454663,0.891001035226509,0.7619975965995798,0.4547784784808755,2.357848077504301
2.5457520806230605,0.7361830451991409,0.5615633906253157,-0.3863866254687309,4.470077752216237
4.475874109193683,0.2575860796496272,0.27045645057170276,-0.1601867056451738,2.3005510498451627
6.768507498782128,1.58200702839531,1.4257492687050362,0.3431696123443544,3.9801768238521102
3.742503233719617,0.6195169023703784,0.6221782460473559,-0.6497314451262355,3.055809571607582
1.9703653214965016,2.38048331765458,2.565324667343108,0.18585559399798512,10.741901800243383
8.741591192083433,0.9812585825566202,1.5882636045478953,-0.48379430640488863,2.1068248984594664
5.280880092410371,1.9828745790291578,2.0260411869888966,0.7303480487316847,5.825415352997846
1.8229104618076235,2.620500743854791,2.670000201565492,0.6531123439781368,12.352757106641663
4.932385685387999,1.5995611909311265,1.5233040126810138,0.7266663298942149,4.586012478612115
3.1471987362019718,1.2054011116269976,1.7077037719545018,-0.6522158728912473,4.630420670500154
1.829495808808133,0.815120117738843,0.9895073825864723,0.8997771423310041,6.130407638263632
6.813422589097172,1.7908707233145833,1.927671875710009,-0.7018962930887938,4.674909092454915
5.640772848390043,2.861584772821516,2.725139465853342,-0.3375732684507966,9.961474129984069
9.087131722131744,0.3627256772015244,0.762434873334282,-0.184696804266423,1.2320271685162405
9.277951449621469,0.24767106352373958,0.1526931822451355,-0.6374709219671786,1.1391650911639501
7.338746069930494,1.3833293742500246,1.5298629038099065,0.2557576163671911,3.276230763043035
6.120032084174454,1.9115446228533983,1.840393671226269,-0.3167479452677071,5.287981207112875
7.127041927538812,2.170511567266658,2.25498927967371,-0.0077225686982274055,6.11422712439198
8.319920134264976,1.451032883953303,1.6630785922217046,-0.6456754389218986,3.307431044904158
5.088049877434969,1.7124244237784296,1.7872307017285913,0.4287431864067912,4.897786945559158
1.4622926984447986,2.2654934031888843,2.1661421352553596,0.5120881786569953,11.971036529106193
6.441007607150823,2.8503605180885643,2.9579215218015573,-0.9760167626664042,9.677107200684363
2.7525957082398236,2.551839360035956,2.259918779004337,-0.6688995570875704,10.144818651029293
2.111846849322319,2.6618119643535465,2.885240863182153,-0.3922953773289919,11.820434788614298
6.015892817173153,1.3380827405489981,1.5880909101394762,-0.4108193628489971,3.452729078486936
4.619955422589555,0.5330412571784109,0.5233144089028842,-0.54763358598575,2.4486560313851626
1.180208906531334,2.9592491956427693,2.8723106431283596,-0.7533755996264517,17.23023200448932
8.123117255512625,2.500443299068138,2.0498366827976526,0.8044650359079242,7.483271185523876
5.795861968537793,1.5041536171920598,1.7276002589358987,0.3161798818036914,3.987847005973995
9.07176869106479,0.28343597520142794,0.24771088795862573,-0.29610291589051485,1.1826568268915394
9.33660050202161,0.038026683032512665,-0.07509632188307665,-0.6751556233502924,1.0724996736653962
3.0109844466205686,1.629711609100923,1.7016237062744128,0.12713648192584515,5.977132846627276
6.543459902983159,1.1180681423284113,1.1916317550243758,0.45070359064266086,2.7783198610715587
8.869228227762505,1.2126449702773243,0.9837153663279181,-0.1173316678032279,2.598001642250834
2.352336245123297,0.33321362477727234,0.22141732848357165,-0.5935711390338838,4.362124257973108
6.176218097563833,2.2729918712284416,2.0848108633881806,0.8649135683663189,6.785605854187252
5.115147566655651,1.748141792602837,1.8711449317576174,0.061019990127533674,5.010977539451767
1.8537490090820938,1.0095772210042924,0.6384689616067815,0.029945773538202047,6.413719716340236
4.652707397006452,1.1537063489668071,1.465732197683327,-0.0945602273568511,3.480324582411982
5.7221212848089635,0.6454042098484933,0.8873721998744606,0.36038077622652054,2.164150236562384
1.532852200558409,1.8676374221686274,1.6593183468433068,0.7676662406884134,10.011855719389354
6.420232693431899,1.2454053286928684,1.1586584382085932,0.5737998872064054,3.108610377021339
7.646424753358588,1.6852760512847453,1.9421370603295482,0.9971357700414956,4.147956115468718
3.8606888961512595,0.8130390148144215,0.9710025542430369,0.6999568925239146,3.2512437384200683
7.28055438445881,1.2259888735134155,1.0971455449300835,-0.339453037828207,2.8765704955710927
4.84764499636367,0.40960282017476857,0.6551289828484282,-0.17917794873937964,2.2306317974098837
5.637414949014783,0.3216725676320493,0.22200303145909794,0.875600257422775,1.8773359225884994
2.2032837758306414,2.253443622495979,2.4313414991997466,0.04146634694188833,9.61668815627891
7.065042896661907,0.452354229753837,0.30043075260102836,0.696522313170135,1.6200439221733733
4.164664176059887,1.4316804420668632,1.4352261612058843,0.17627321742475033,4.450862877390879
6.93249725503847,0.3930588439106941,0.4784269445144693,-0.4522422756999731,1.5969768933709452
8.44720804062672,2.2614885843358934,2.2739933021333463,0.8392265462316573,6.298153716016165
7.846611877903342,0.3543286824133247,0.6122861326657612,-0.1259228135459125,1.3999842219020717
6.466588180279359,1.8567938406486064,1.7260493167275506,0.825012132525444,4.994093888140982
5.159570863470435,2.2640801877714694,2.7129086882270372,-0.01929208403453231,7.0642047805958414
5.916607342660427,0.11797570413909853,0.40766402763051324,-0.5603074636310339,1.7040760583611512
7.7870992589741945,0.35763977793976665,0.3259315059695509,-0.9955894541926682,1.412081443085822
6.926315995398909,1.2162018259987235,1.1238266405855453,0.16259978292509913,2.922915835598644
5.452072673710063,0.016816995106637478,0.10036721069670718,0.07442962704226375,1.834447650729452
3.121062801219523,1.649699394358322,1.1564751604791563,0.1963730282150209,5.92554486924797
1.3955725249834359,1.7285691699944437,1.709088899655076,0.493505516089499,10.153469341007582
6.768085308605805,2.5518997879698873,2.558096620970417,0.9384065154008567,7.989715275269003
8.817462482256815,1.4143859976902604,1.6688314098151937,-0.6378973159007728,3.1346008833644863
9.711270121624693,1.9171556336805224,1.8418552471798937,0.9805904501117766,4.7052171466007735
1.777393410447985,2.8971545977983624,3.0855021098341076,-0.40446476824581623,14.01972118879781
3.074611678952351,1.3679559419397265,1.633053195998333,-0.38667121762409806,5.123746708574402
3.100897836498916,2.8999593446496874,2.903774259450765,0.9033553800545633,11.634636649592323
9.101499217795208,0.9239960904233158,0.9050421315202517,-0.45256250631064177,1.9524888607544582
8.58718690276146,1.7033712754491717,1.4757699509986895,0.743908962700516,4.065999420777798
1.3105550236068666,2.519551901612431,2.623196735320735,0.29625019477680326,13.978496726047748
4.770030660089105,2.959105622721836,3.060203624893585,-0.26336840726435184,10.852728669966288
6.460305208340287,0.328563044546172,0.3230776853191663,0.19027307350188494,1.6558681577692478
8.223377492977306,2.9437793106772006,2.611605052138046,0.4673959920182824,9.881881984637134
5.076509803067893,2.5438936336431652,2.4819404504478495,-0.28605481144040823,8.44125214015203
8.63739015464671,0.32222259580157697,0.31636775748056867,0.13915044302120805,1.2615845270616632
4.112897206796333,2.490877835545689,2.5490724481829536,0.5943036181852221,8.635848498819044
7.3092057013418525,1.3378649165388197,1.3521684417772981,0.7778479550033808,3.1580202517252083
3.857888290658593,0.5153603623621166,0.8100299309577004,-0.45036429492756724,2.857687946652946
9.711624663555995,2.608632031129673,2.7676054803610812,0.9104212298989296,7.834654904315619
3.2390759976115078,2.6563715029042214,2.669729283691889,0.5132233407348394,10.143609769085414
3.8619032746646553,1.0774087838362902,0.8424299954334291,-0.15574060333892703,3.750206492322987
6.5151830518152565,0.838615287328139,0.7808887846820161,0.8848749571479857,2.238151891484843
9.737875189632177,2.9170203977264464,2.968433156238906,-0.13034193264320493,9.535926071200102
5.992214363999665,2.092355771223083,2.1302843481826175,-0.26099268859252334,6.046784826652394
7.727547142421827,1.6238032460678369,1.785051113732671,-0.5946706873364747,3.930808673215301
2.721946057630703,1.0041664028540254,0.7305365459457709,0.4127176618203521,4.682192257106793
6.582862999290228,1.9326572965364903,2.0613840706427307,-0.8072874839417636,5.254260096615648
5.093148519983515,1.446680705063045,1.385190456783105,-0.7349090613424778,4.056307091184872
3.854007314424962,1.6886555382516235,1.7198855034448672,-0.33757481165230274,5.446259400569968
4.7149580924306065,0.3473037891089916,0.46701114521353915,0.4303766177035868,2.2415295469914547
9.467593020992354,0.633346407674253,0.8806202700846848,0.3561645457521081,1.4573623431466503
8.821471548639238,2.712582024978474,2.6712937655103586,-0.4795251712203026,8.491698958316075
1.3872053006198257,2.6949157922063023,2.832419997787904,-0.8365897876210511,14.471309441110296
6.166017987765372,1.8947567115537822,1.59741967812996,0.27585051441565156,5.211895215825989
2.410459676757455,0.23055087751708925,-0.434570995060247,-0.20168526703491807,4.201740010567888
3.575991172110662,2.048524847254157,2.406030513947677,-0.35305315209552646,6.992881534871465
2.2973992673214525,2.5752127587329596,2.4999864593901844,-0.9400691823102534,10.984468723997685
1.6907175600063056,1.0431134272366762,1.2485287464971004,-0.3907408658415079,7.002734074637118
9.4810757082887,0.6961960976477712,0.5200646187427462,-0.09794417396187782,1.539421645130843
9.119935067137703,0.15205038478598,0.4255049132048778,0.8108346438966691,1.1196183544719907
9.889337860513479,2.006220118375495,1.827063485493482,0.9629854094237089,5.036109208759563
2.242590409005061,0.9639332599472255,0.7931922772780108,0.15068272594362497,5.388296361775525
5.760648985626176,0.17193443072028458,0.046176445896982776,-0.53454071842134,1.7654769720394947
1.6337084772530943,2.2935181197244674,2.2235772044281283,-0.5525595750659704,11.381268464218081
3.2024573339149356,1.8769465901423246,1.6975217878744568,0.9993487144820392,6.645530603482458
5.440354106714949,1.3570463508367538,1.557734339427944,0.6912708231247962,3.6796904437066873
2.787123003276065,1.86664066510275,1.8547821389297194,-0.7372340257279575,7.072276569943705
7.475122599629685,1.8988044045399874,1.9627102145622337,-0.12080832431092858,4.943228867678043
3.3167823483236134,2.1509075425565243,1.7616585649956342,0.22524408344179392,7.641373474691731
8.064822711516172,0.9774095469620079,0.8755703916771101,-0.3919601393863559,2.1952822841617725
8.672604080522433,1.9141496638767421,1.93009734427097,0.21239059325307608,4.817025146651376
6.422068529296666,1.3030185776297003,1.5563435200894622,0.7883504973724484,3.2549881036090427
3.1808950200211257,2.7601845036260784,2.836882745785536,-0.5485025146044791,10.7623877593298
4.939600817160681,2.232865826692432,2.367579338558549,0.8624328835867345,7.010144886595805
2.7425829842686653,2.0806166336406022,2.2039420822013653,-0.09974203072488308,7.975163360299901
1.9696269617415965,2.6644415699411184,2.408176155866732,0.31459564343094826,12.176352409507713
2.616251746425405,1.030485395109281,1.2147733090734434,0.4444058872759342,4.884162289888732
7.152895029867068,0.8558613939676434,0.8592434731366763,-0.10699175950139761,2.1305340607820944
2.6261499610263854,1.8944688860792667,2.2718112823820884,-0.14425357757136226,7.396868022948658
8.127693592337891,2.0130069118458778,2.125025193049889,-0.00178190553560853,5.282558169676497
2.4009391276631504,0.4492069096304476,0.6126046713846998,0.6220784951001406,4.36682372209856
9.529020632384345,2.078730452572927,1.9984211528483034,0.0777243198826909,5.370546083922381
2.4575259489938617,1.1690816190093756,1.1978907071537708,-0.6893151551485062,5.4358848573754095
4.534077640390024,1.77664929558523,1.5964894656638668,0.2983400570228696,5.362002958265836
1.7857194042298943,0.9984797956421971,1.3298374844073038,0.15659401379525661,6.596945850686746
8.105312410509214,2.905485305702314,2.803233449998516,0.6025265320204198,9.675603598333725
3.926609490532428,0.4912077630870044,0.5525791461717225,-0.13352667912840843,2.7880114532664524
4.0012468681670725,2.499635433079675,2.168927059658015,-0.7923207548446953,8.74739824854608
8.611227908870205,1.9836644518654794,2.0377749230624955,0.6501919184811413,5.0961992290991756
8.120919866254553,0.7402264487463981,0.3704413421803346,0.2811142089776695,1.7793227924807473
2.9833656104747206,1.5112899513915181,1.553282061300078,0.8606609720736742,5.635916359512782
9.651424374431372,1.2401353453751653,1.4310333302217033,-0.8997336435131729,2.5740521704089674
