x,group,t
1.454813645221293,C,39.46243472534281
3.4891976192593575,A,36.45602555948201
3.4370989315211773,C,47.62347165129782
3.4935177667066455,A,33.38392123353677
4.443661534227431,C,60.60818396746253
3.561242421157658,C,38.658693663649956
1.0379830254241824,B,11.351140441164421
1.9302020240575075,C,36.69682204774695
3.6643350329250097,C,60.367980419969946
3.057004565373063,B,65.90086756566913
3.77436516713351,B,88.18521649161836
3.1798993423581123,C,48.477659152475454
2.130934334360063,A,13.493117462068824
4.693733937107027,B,107.92040267317864
2.1692633610218763,B,36.41183286142487
4.349182512611151,A,44.247385830982964
2.144893138669431,C,40.77599024431222
2.067283120006323,B,38.27488188119315
1.746891158632934,A,0.6440278411028206
1.9289036421105266,A,6.45935863807118
2.26644981931895,B,48.922479428164586
2.2107734829187393,B,36.1805342873061
1.6361840115860105,C,34.9083895501054
1.1599836722016335,C,35.24824974892131
1.875198164023459,C,37.92732869070835
4.242394209839404,C,46.46704937394465
3.102790187112987,A,32.43031859258036
4.658632664009929,C,65.04648888075778
4.325380187481642,A,56.569846574469025
1.1830810531973839,A,-3.6331533724581373
2.824365929700434,B,59.97141857966933
2.060746687464416,A,10.788295676072837
2.2186888121068478,A,17.578451120045557
3.0292274802923203,C,51.25058073512306
1.7243848331272602,B,29.038265897799388
4.038682541809976,A,39.228851731257365
1.804992150515318,A,12.956541756772786
2.0352392746135592,A,7.757060119539466
4.968601670116186,C,65.77509673745257
4.229409361258149,A,51.192823097862636
3.2133343629539013,A,32.061183317650745
3.5856243763118982,A,35.329239563899975
2.2472972283139825,B,44.29143160103291
3.487276792526245,B,66.01054692419088
2.319080702960491,A,22.078197865173813
3.0079898918047547,C,54.25696709576973
3.708378109149635,B,72.45181484958934
2.9399649566039443,C,45.730709355042656
1.975715309381485,C,35.98463911671604
4.061839150264859,B,92.60080906268756
1.295119520276785,B,27.920826451921965
2.238746407441795,A,9.67244601790416
3.8690869733691216,A,45.78084285841628
3.018183648586273,B,69.63258140153938
1.611995835788548,B,36.53381257209831
3.0157339526340365,A,20.142196021561567
2.9758436921983957,C,43.11491108125298
4.004800788126886,B,85.8923426229195
1.6985992956906557,A,-5.707686967160356
4.393569641746581,A,49.42661503837534
4.45933532807976,A,50.643594603362786
1.1674291007220745,C,33.286628097778895
2.268728621304035,B,37.96768121656882
1.0549997566267848,B,14.944051859056199
1.9561029067263007,A,11.468686305388278
3.8259784691035748,B,84.89858771406966
2.2323790285736322,B,43.382745795897954
3.0341902626678348,C,40.2741420354295
1.2065864773467183,A,-2.706616451051775
3.2582793598994613,B,70.31742188070912
1.4859207486733794,C,45.270088450142765
4.571345526725054,C,51.04668311147401
1.0585090229287744,A,-11.451860457478068
4.132484414614737,A,41.11337396351564
1.3598453318700194,B,15.571485179047734
3.076759923249483,B,58.54036920265004
2.537066750228405,B,38.66910012631712
1.2802099892869592,A,7.70315855207269
2.282577688805759,B,43.05109612076285
3.673981588333845,C,61.7976528017513
4.705601905472577,A,43.74311303012561
2.8876388845965266,B,60.70724065633985
1.5704613728448749,A,5.792940989348247
3.1770790200680494,A,33.34799976855611
1.7846986074000597,C,44.7827187678033
4.594321956858039,C,50.71796051469652
2.5579991387203336,B,47.51099756480073
2.243483118712902,C,25.03588204055042
1.640114651992917,B,31.00253988837537
4.584743398241699,A,55.06455411185224
1.6655751215294003,B,32.91991638883576
4.601698384620249,C,62.09563910193347
1.5363127803429961,A,7.147087650730914
1.5264565367251635,C,42.5968700952798
1.4211500100791454,C,36.41082003941179
3.0463343244045973,C,48.21932371810901
2.2007962157949805,C,41.38110425243011
1.1068675816059113,B,17.07518444977248
2.238589725457132,A,13.978851374096767
3.968478628434241,C,50.164504084743555
1.1418269081041217,C,38.28460910374695
3.260304448194802,C,40.52050653550955
2.1210311045870185,A,11.192099478072283
1.8167852656915784,B,29.628320814854945
1.534955594688654,C,33.98206581426827
2.30272769741714,B,37.6452945905694
1.6202478781342506,C,33.57453229801794
1.5198485581204295,B,28.45527827103171
2.7421242389827967,B,47.13718649312027
1.1545706102624536,B,12.028672728869555
3.853206251747906,A,35.232578234437405
1.4030761644244194,B,23.3310902460651
4.801219753921032,B,104.88340828430219
1.4872710509225726,C,40.03248129619445
1.8786264834925532,A,12.443829471881973
4.652351067401469,B,109.97482266765175
4.783412484452128,A,53.48804060361894
2.116624891757965,A,11.860064615862177
1.493884351104498,C,34.6943756990555
4.188641837798059,C,53.31535644409543
3.977108860388398,C,48.55297430990006
4.66389689501375,B,106.84644351214673
4.9783929800614715,C,58.28041062949046
4.769442860037088,C,62.688862062630264
2.944541630335152,B,60.877020179376665
2.1338381711393595,B,39.73343264841832
2.0061828047037125,A,7.712351412206935
3.013020683079958,A,30.246273587217832
2.987864692695439,B,61.413828002646746
2.273783238604665,A,13.124176146052779
4.8488913075998425,B,113.4884943568113
3.5363974729552865,C,57.72673075643543
1.509733592160046,C,37.84304932703743
2.6921879751607776,C,39.666732614575395
4.657267638482153,A,55.7471560508833
2.871169333346188,A,24.881336698496355
4.632676581852138,B,99.40119147668291
3.3909731348976493,C,55.678653139082314
3.5269712638109922,C,57.55771853217431
4.476633274927735,A,53.969087477253154
3.0109992902725935,B,73.22786633305358
4.934540458954871,C,54.89836898626408
2.297544109635055,B,47.29601728400208
2.925499794073403,A,15.874126066854462
2.4279483100399375,B,57.30021331390203
3.509910736232996,C,48.33170493254477
3.966400762088597,C,51.683456731963624
3.263867269270122,B,76.55789938593952
4.923146026208997,B,121.5554881274276
3.3072509421035647,A,31.618932939246687
2.756168207153678,B,63.4545581108014
1.914398780092597,B,33.25264984350976
1.3286322625353932,B,16.81507087886507
4.401059687137604,B,91.19703216927492
1.9386450462043285,C,39.54995584471479
4.952669787220657,C,56.320859339826555
3.40759018342942,A,33.44671088221249
4.9949632324278355,A,67.30904535912204
2.5023975064978004,C,33.719444336409126
3.2205065237358212,A,18.964178833308107
2.7177758514881134,B,59.2611323736899
3.303511123172939,A,29.602002545251324
2.730029589496553,C,41.87662015300865
1.8993830559775233,A,8.988109598315937
1.3399389507248998,B,27.116858180240285
3.5491930386051536,C,48.70050704248488
2.724065481685102,B,55.49128900308788
1.2908643744885921,C,24.34961194341464
4.209608077071607,C,51.18982739956792
2.3011132134124637,A,11.44001472347673
4.029156140051782,A,43.136093448571
3.3370860693976283,B,67.67662308492368
3.835357626900077,A,33.175006175340975
2.7079030657187104,C,54.48851697874244
2.3742908081039786,A,19.528260594434784
4.036479940637946,B,88.3565890320276
2.6961208321154118,C,40.18912460934709
3.2435490153729916,B,65.84479072987334
1.464543097652495,A,0.5450749194965977
2.212087190710008,A,7.434162506102916
2.915210743434727,C,57.147554248899766
2.3793221870437264,B,48.83714274096678
3.4028565604239702,C,48.938139252766504
1.3043332928791642,C,34.22085093626499
4.823970444500446,C,59.88835832915065
1.0888272924348712,A,-5.4349159361551
4.366842529736459,C,59.22163102131266
3.5297697950154543,C,50.132294256105304
2.2403766606003046,C,34.91113353046367
3.9702774649485946,B,85.56262597725156
3.5556452544406056,C,58.190799276431434
4.970063949003816,A,64.08174630403776
1.5130791533738375,C,27.163745406907708
4.5329583110287786,B,101.02474330147307
4.240333551540971,B,96.0147752306332
4.287404713220894,C,54.51205669729205
4.338810649700463,B,100.5603993754076
3.9309288822114468,B,78.81101081843597
4.932176097296178,A,55.13418439176307
3.5568183306604624,C,47.700532974266835
3.6430185372009873,C,53.25042258914531
3.113437511958182,C,50.4839175080142
2.269975285977125,C,43.361984406079266
4.071421876549721,B,86.22707660565128
3.1052339700981975,C,47.8073662437676
3.9292075373232365,C,60.05932422246502
2.230662962421775,B,45.878137992732796
2.616693004965782,B,50.08146397221207
1.8176097813993692,B,44.37431726342699
4.942532353103161,B,106.91340902364618
3.26524302829057,C,49.596769639419634
2.121500580571592,C,33.42946677155738
1.7402228927239776,C,22.134428500377098
4.0322455847635865,A,41.209394990348805
3.267125125043094,B,65.38724706213304
4.728694284334779,B,106.06024395519118
3.5547732654958963,C,47.975196934768384
3.8029925376176834,B,81.67385011737005
2.916889874264598,C,39.21434931580561
4.401247665286064,A,61.12241649458518
2.6893227016553283,B,60.80728052138571
1.1255684923380613,A,-3.469924851400646
2.032586593180895,C,36.8050767244113
2.339378939010203,B,48.293299961669085
1.5341986743733287,C,41.05199625977171
2.9981855414807796,C,44.99472729101063
4.2085425313562155,B,103.36870664265601
2.348612972535193,C,39.840069765356105
3.0356824612244964,C,48.79159597099637
2.9777542473748326,C,44.23267126496299
4.188211616128683,A,50.10277135211957
3.267835581675172,C,55.29207430421799
1.4267872720956802,C,31.658240315279038
4.230593780986965,C,54.32334044259601
3.26844828389585,C,45.33604322710382
1.8489637114107609,A,3.232250209858746
3.998317019082606,C,55.72080591085861
2.228873400017619,A,13.05535131228711
2.958073773421347,C,37.472133255106826
4.958839571103454,A,63.306082435871964
2.6964367125183344,B,61.31325547008723
1.977612018585205,C,35.77846269577836
1.8685388593003154,A,1.9036590425649935
3.756470026448369,B,90.86863926282331
4.920850834809244,B,115.06723537213793
2.9081321572884917,C,45.88271329170995
4.094094487838447,B,85.00115568410355
3.297251778654754,A,35.327988406127766
4.86375880241394,B,100.749284393808
4.187695363536477,C,49.404544235895145
1,A,NA
1.004004004004004,A,NA
1.008008008008008,A,NA
1.012012012012012,A,NA
1.016016016016016,A,NA
1.02002002002002,A,NA
1.024024024024024,A,NA
1.028028028028028,A,NA
1.032032032032032,A,NA
1.0360360360360361,A,NA
1.04004004004004,A,NA
1.044044044044044,A,NA
1.048048048048048,A,NA
1.052052052052052,A,NA
1.0560560560560561,A,NA
1.06006006006006,A,NA
1.064064064064064,A,NA
1.068068068068068,A,NA
1.072072072072072,A,NA
1.0760760760760761,A,NA
1.08008008008008,A,NA
1.084084084084084,A,NA
1.088088088088088,A,NA
1.092092092092092,A,NA
1.0960960960960962,A,NA
1.1001001001001,A,NA
1.1041041041041042,A,NA
1.1081081081081081,A,NA
1.112112112112112,A,NA
1.1161161161161162,A,NA
1.12012012012012,A,NA
1.1241241241241242,A,NA
1.1281281281281281,A,NA
1.132132132132132,A,NA
1.1361361361361362,A,NA
1.14014014014014,A,NA
1.1441441441441442,A,NA
1.1481481481481481,A,NA
1.1521521521521523,A,NA
1.1561561561561562,A,NA
1.16016016016016,A,NA
1.1641641641641642,A,NA
1.1681681681681682,A,NA
1.1721721721721723,A,NA
1.1761761761761762,A,NA
1.1801801801801801,A,NA
1.1841841841841843,A,NA
1.1881881881881882,A,NA
1.1921921921921923,A,NA
1.1961961961961962,A,NA
1.2002002002002001,A,NA
1.2042042042042043,A,NA
1.2082082082082082,A,NA
1.2122122122122123,A,NA
1.2162162162162162,A,NA
1.2202202202202201,A,NA
1.2242242242242243,A,NA
1.2282282282282282,A,NA
1.2322322322322323,A,NA
1.2362362362362362,A,NA
1.2402402402402402,A,NA
1.2442442442442443,A,NA
1.2482482482482482,A,NA
1.2522522522522523,A,NA
1.2562562562562563,A,NA
1.2602602602602602,A,NA
1.2642642642642643,A,NA
1.2682682682682682,A,NA
1.2722722722722724,A,NA
1.2762762762762763,A,NA
1.2802802802802802,A,NA
1.2842842842842843,A,NA
1.2882882882882882,A,NA
1.2922922922922924,A,NA
1.2962962962962963,A,NA
1.3003003003003002,A,NA
1.3043043043043043,A,NA
1.3083083083083082,A,NA
1.3123123123123124,A,NA
1.3163163163163163,A,NA
1.3203203203203202,A,NA
1.3243243243243243,A,NA
1.3283283283283283,A,NA
1.3323323323323324,A,NA
1.3363363363363363,A,NA
1.3403403403403402,A,NA
1.3443443443443444,A,NA
1.3483483483483483,A,NA
1.3523523523523524,A,NA
1.3563563563563563,A,NA
1.3603603603603602,A,NA
1.3643643643643644,A,NA
1.3683683683683685,A,NA
1.3723723723723724,A,NA
1.3763763763763763,A,NA
1.3803803803803802,A,NA
1.3843843843843844,A,NA
1.3883883883883885,A,NA
1.3923923923923924,A,NA
1.3963963963963963,A,NA
1.4004004004004003,A,NA
1.4044044044044044,A,NA
1.4084084084084085,A,NA
1.4124124124124124,A,NA
1.4164164164164164,A,NA
1.4204204204204205,A,NA
1.4244244244244244,A,NA
1.4284284284284285,A,NA
1.4324324324324325,A,NA
1.4364364364364364,A,NA
1.4404404404404405,A,NA
1.4444444444444444,A,NA
1.4484484484484486,A,NA
1.4524524524524525,A,NA
1.4564564564564564,A,NA
1.4604604604604605,A,NA
1.4644644644644644,A,NA
1.4684684684684686,A,NA
1.4724724724724725,A,NA
1.4764764764764764,A,NA
1.4804804804804805,A,NA
1.4844844844844844,A,NA
1.4884884884884886,A,NA
1.4924924924924925,A,NA
1.4964964964964964,A,NA
1.5005005005005005,A,NA
1.5045045045045045,A,NA
1.5085085085085086,A,NA
1.5125125125125125,A,NA
1.5165165165165164,A,NA
1.5205205205205206,A,NA
1.5245245245245245,A,NA
1.5285285285285286,A,NA
1.5325325325325325,A,NA
1.5365365365365364,A,NA
1.5405405405405406,A,NA
1.5445445445445445,A,NA
1.5485485485485486,A,NA
1.5525525525525525,A,NA
1.5565565565565564,A,NA
1.5605605605605606,A,NA
1.5645645645645647,A,NA
1.5685685685685686,A,NA
1.5725725725725725,A,NA
1.5765765765765765,A,NA
1.5805805805805806,A,NA
1.5845845845845847,A,NA
1.5885885885885886,A,NA
1.5925925925925926,A,NA
1.5965965965965965,A,NA
1.6006006006006006,A,NA
1.6046046046046047,A,NA
1.6086086086086087,A,NA
1.6126126126126126,A,NA
1.6166166166166165,A,NA
1.6206206206206206,A,NA
1.6246246246246248,A,NA
1.6286286286286287,A,NA
1.6326326326326326,A,NA
1.6366366366366365,A,NA
1.6406406406406406,A,NA
1.6446446446446448,A,NA
1.6486486486486487,A,NA
1.6526526526526526,A,NA
1.6566566566566565,A,NA
1.6606606606606606,A,NA
1.6646646646646648,A,NA
1.6686686686686687,A,NA
1.6726726726726726,A,NA
1.6766766766766765,A,NA
1.6806806806806807,A,NA
1.6846846846846848,A,NA
1.6886886886886887,A,NA
1.6926926926926926,A,NA
1.6966966966966965,A,NA
1.7007007007007007,A,NA
1.7047047047047048,A,NA
1.7087087087087087,A,NA
1.7127127127127126,A,NA
1.7167167167167166,A,NA
1.7207207207207207,A,NA
1.7247247247247248,A,NA
1.7287287287287287,A,NA
1.7327327327327327,A,NA
1.7367367367367368,A,NA
1.7407407407407407,A,NA
1.7447447447447448,A,NA
1.7487487487487487,A,NA
1.7527527527527527,A,NA
1.7567567567567568,A,NA
1.7607607607607607,A,NA
1.7647647647647648,A,NA
1.7687687687687688,A,NA
1.7727727727727727,A,NA
1.7767767767767768,A,NA
1.7807807807807807,A,NA
1.7847847847847849,A,NA
1.7887887887887888,A,NA
1.7927927927927927,A,NA
1.7967967967967968,A,NA
1.8008008008008007,A,NA
1.8048048048048049,A,NA
1.8088088088088088,A,NA
1.8128128128128127,A,NA
1.8168168168168168,A,NA
1.820820820820821,A,NA
1.8248248248248249,A,NA
1.8288288288288288,A,NA
1.8328328328328327,A,NA
1.8368368368368369,A,NA
1.840840840840841,A,NA
1.844844844844845,A,NA
1.8488488488488488,A,NA
1.8528528528528527,A,NA
1.8568568568568569,A,NA
1.860860860860861,A,NA
1.864864864864865,A,NA
1.8688688688688688,A,NA
1.8728728728728727,A,NA
1.8768768768768769,A,NA
1.880880880880881,A,NA
1.884884884884885,A,NA
1.8888888888888888,A,NA
1.8928928928928928,A,NA
1.8968968968968969,A,NA
1.900900900900901,A,NA
1.904904904904905,A,NA
1.9089089089089089,A,NA
1.9129129129129128,A,NA
1.916916916916917,A,NA
1.920920920920921,A,NA
1.924924924924925,A,NA
1.9289289289289289,A,NA
1.9329329329329328,A,NA
1.936936936936937,A,NA
1.940940940940941,A,NA
1.944944944944945,A,NA
1.9489489489489489,A,NA
1.9529529529529528,A,NA
1.956956956956957,A,NA
1.960960960960961,A,NA
1.964964964964965,A,NA
1.968968968968969,A,NA
1.9729729729729728,A,NA
1.976976976976977,A,NA
1.980980980980981,A,NA
1.984984984984985,A,NA
1.988988988988989,A,NA
1.992992992992993,A,NA
1.996996996996997,A,NA
2.001001001001001,A,NA
2.005005005005005,A,NA
2.009009009009009,A,NA
2.013013013013013,A,NA
2.017017017017017,A,NA
2.021021021021021,A,NA
2.025025025025025,A,NA
2.029029029029029,A,NA
2.033033033033033,A,NA
2.037037037037037,A,NA
2.041041041041041,A,NA
2.045045045045045,A,NA
2.049049049049049,A,NA
2.053053053053053,A,NA
2.057057057057057,A,NA
2.061061061061061,A,NA
2.065065065065065,A,NA
2.069069069069069,A,NA
2.073073073073073,A,NA
2.0770770770770772,A,NA
2.081081081081081,A,NA
2.085085085085085,A,NA
2.089089089089089,A,NA
2.093093093093093,A,NA
2.0970970970970972,A,NA
2.101101101101101,A,NA
2.105105105105105,A,NA
2.1091091091091094,A,NA
2.113113113113113,A,NA
2.1171171171171173,A,NA
2.121121121121121,A,NA
2.125125125125125,A,NA
2.1291291291291294,A,NA
2.133133133133133,A,NA
2.1371371371371373,A,NA
2.141141141141141,A,NA
2.145145145145145,A,NA
2.1491491491491495,A,NA
2.153153153153153,A,NA
2.1571571571571573,A,NA
2.161161161161161,A,NA
2.165165165165165,A,NA
2.1691691691691695,A,NA
2.173173173173173,A,NA
2.1771771771771773,A,NA
2.181181181181181,A,NA
2.185185185185185,A,NA
2.1891891891891895,A,NA
2.193193193193193,A,NA
2.1971971971971973,A,NA
2.201201201201201,A,NA
2.205205205205205,A,NA
2.2092092092092095,A,NA
2.213213213213213,A,NA
2.2172172172172173,A,NA
2.2212212212212212,A,NA
2.225225225225225,A,NA
2.2292292292292295,A,NA
2.233233233233233,A,NA
2.2372372372372373,A,NA
2.2412412412412412,A,NA
2.245245245245245,A,NA
2.2492492492492495,A,NA
2.253253253253253,A,NA
2.2572572572572573,A,NA
2.2612612612612613,A,NA
2.265265265265265,A,NA
2.2692692692692695,A,NA
2.273273273273273,A,NA
2.2772772772772774,A,NA
2.2812812812812813,A,NA
2.285285285285285,A,NA
2.2892892892892895,A,NA
2.293293293293293,A,NA
2.2972972972972974,A,NA
2.3013013013013013,A,NA
2.305305305305305,A,NA
2.3093093093093096,A,NA
2.313313313313313,A,NA
2.3173173173173174,A,NA
2.3213213213213213,A,NA
2.325325325325325,A,NA
2.3293293293293296,A,NA
2.333333333333333,A,NA
2.3373373373373374,A,NA
2.3413413413413413,A,NA
2.3453453453453452,A,NA
2.3493493493493496,A,NA
2.353353353353353,A,NA
2.3573573573573574,A,NA
2.3613613613613613,A,NA
2.3653653653653652,A,NA
2.3693693693693696,A,NA
2.373373373373373,A,NA
2.3773773773773774,A,NA
2.3813813813813813,A,NA
2.3853853853853852,A,NA
2.3893893893893896,A,NA
2.393393393393393,A,NA
2.3973973973973974,A,NA
2.4014014014014013,A,NA
2.4054054054054053,A,NA
2.4094094094094096,A,NA
2.413413413413413,A,NA
2.4174174174174174,A,NA
2.4214214214214214,A,NA
2.4254254254254253,A,NA
2.4294294294294296,A,NA
2.433433433433433,A,NA
2.4374374374374375,A,NA
2.4414414414414414,A,NA
2.4454454454454453,A,NA
2.4494494494494496,A,NA
2.453453453453453,A,NA
2.4574574574574575,A,NA
2.4614614614614614,A,NA
2.4654654654654653,A,NA
2.4694694694694697,A,NA
2.4734734734734736,A,NA
2.4774774774774775,A,NA
2.4814814814814814,A,NA
2.4854854854854853,A,NA
2.4894894894894897,A,NA
2.4934934934934936,A,NA
2.4974974974974975,A,NA
2.5015015015015014,A,NA
2.5055055055055053,A,NA
2.5095095095095097,A,NA
2.5135135135135136,A,NA
2.5175175175175175,A,NA
2.5215215215215214,A,NA
2.5255255255255253,A,NA
2.5295295295295297,A,NA
2.5335335335335336,A,NA
2.5375375375375375,A,NA
2.5415415415415414,A,NA
2.5455455455455454,A,NA
2.5495495495495497,A,NA
2.5535535535535536,A,NA
2.5575575575575575,A,NA
2.5615615615615615,A,NA
2.5655655655655654,A,NA
2.5695695695695697,A,NA
2.5735735735735736,A,NA
2.5775775775775776,A,NA
2.5815815815815815,A,NA
2.5855855855855854,A,NA
2.5895895895895897,A,NA
2.5935935935935936,A,NA
2.5975975975975976,A,NA
2.6016016016016015,A,NA
2.6056056056056054,A,NA
2.6096096096096097,A,NA
2.6136136136136137,A,NA
2.6176176176176176,A,NA
2.621621621621622,A,NA
2.6256256256256254,A,NA
2.6296296296296298,A,NA
2.6336336336336337,A,NA
2.6376376376376376,A,NA
2.641641641641642,A,NA
2.6456456456456454,A,NA
2.6496496496496498,A,NA
2.6536536536536537,A,NA
2.6576576576576576,A,NA
2.661661661661662,A,NA
2.6656656656656654,A,NA
2.66966966966967,A,NA
2.6736736736736737,A,NA
2.6776776776776776,A,NA
2.681681681681682,A,NA
2.6856856856856854,A,NA
2.68968968968969,A,NA
2.6936936936936937,A,NA
2.6976976976976976,A,NA
2.701701701701702,A,NA
2.7057057057057055,A,NA
2.70970970970971,A,NA
2.7137137137137137,A,NA
2.7177177177177176,A,NA
2.721721721721722,A,NA
2.7257257257257255,A,NA
2.72972972972973,A,NA
2.7337337337337337,A,NA
2.7377377377377377,A,NA
2.741741741741742,A,NA
2.7457457457457455,A,NA
2.74974974974975,A,NA
2.7537537537537538,A,NA
2.7577577577577577,A,NA
2.761761761761762,A,NA
2.7657657657657655,A,NA
2.76976976976977,A,NA
2.7737737737737738,A,NA
2.7777777777777777,A,NA
2.781781781781782,A,NA
2.7857857857857855,A,NA
2.78978978978979,A,NA
2.7937937937937938,A,NA
2.7977977977977977,A,NA
2.801801801801802,A,NA
2.8058058058058055,A,NA
2.80980980980981,A,NA
2.813813813813814,A,NA
2.8178178178178177,A,NA
2.821821821821822,A,NA
2.8258258258258255,A,NA
2.82982982982983,A,NA
2.833833833833834,A,NA
2.8378378378378377,A,NA
2.841841841841842,A,NA
2.8458458458458455,A,NA
2.84984984984985,A,NA
2.853853853853854,A,NA
2.8578578578578577,A,NA
2.861861861861862,A,NA
2.8658658658658656,A,NA
2.86986986986987,A,NA
2.873873873873874,A,NA
2.8778778778778777,A,NA
2.881881881881882,A,NA
2.8858858858858856,A,NA
2.88988988988989,A,NA
2.893893893893894,A,NA
2.8978978978978978,A,NA
2.901901901901902,A,NA
2.9059059059059056,A,NA
2.90990990990991,A,NA
2.913913913913914,A,NA
2.9179179179179178,A,NA
2.921921921921922,A,NA
2.9259259259259256,A,NA
2.92992992992993,A,NA
2.933933933933934,A,NA
2.937937937937938,A,NA
2.941941941941942,A,NA
2.9459459459459456,A,NA
2.94994994994995,A,NA
2.953953953953954,A,NA
2.957957957957958,A,NA
2.961961961961962,A,NA
2.9659659659659656,A,NA
2.96996996996997,A,NA
2.973973973973974,A,NA
2.977977977977978,A,NA
2.981981981981982,A,NA
2.985985985985986,A,NA
2.98998998998999,A,NA
2.993993993993994,A,NA
2.997997997997998,A,NA
3.002002002002002,A,NA
3.006006006006006,A,NA
3.01001001001001,A,NA
3.014014014014014,A,NA
3.018018018018018,A,NA
3.022022022022022,A,NA
3.026026026026026,A,NA
3.03003003003003,A,NA
3.034034034034034,A,NA
3.038038038038038,A,NA
3.042042042042042,A,NA
3.046046046046046,A,NA
3.05005005005005,A,NA
3.054054054054054,A,NA
3.058058058058058,A,NA
3.062062062062062,A,NA
3.066066066066066,A,NA
3.07007007007007,A,NA
3.074074074074074,A,NA
3.078078078078078,A,NA
3.0820820820820822,A,NA
3.086086086086086,A,NA
3.09009009009009,A,NA
3.094094094094094,A,NA
3.098098098098098,A,NA
3.1021021021021022,A,NA
3.106106106106106,A,NA
3.11011011011011,A,NA
3.114114114114114,A,NA
3.118118118118118,A,NA
3.1221221221221223,A,NA
3.126126126126126,A,NA
3.13013013013013,A,NA
3.134134134134134,A,NA
3.138138138138138,A,NA
3.1421421421421423,A,NA
3.146146146146146,A,NA
3.15015015015015,A,NA
3.154154154154154,A,NA
3.158158158158158,A,NA
3.1621621621621623,A,NA
3.166166166166166,A,NA
3.17017017017017,A,NA
3.174174174174174,A,NA
3.178178178178178,A,NA
3.1821821821821823,A,NA
3.186186186186186,A,NA
3.19019019019019,A,NA
3.194194194194194,A,NA
3.1981981981981984,A,NA
3.2022022022022023,A,NA
3.2062062062062062,A,NA
3.21021021021021,A,NA
3.214214214214214,A,NA
3.2182182182182184,A,NA
3.2222222222222223,A,NA
3.2262262262262262,A,NA
3.23023023023023,A,NA
3.234234234234234,A,NA
3.2382382382382384,A,NA
3.2422422422422423,A,NA
3.2462462462462462,A,NA
3.25025025025025,A,NA
3.254254254254254,A,NA
3.2582582582582584,A,NA
3.2622622622622623,A,NA
3.2662662662662663,A,NA
3.27027027027027,A,NA
3.274274274274274,A,NA
3.2782782782782784,A,NA
3.2822822822822824,A,NA
3.2862862862862863,A,NA
3.29029029029029,A,NA
3.294294294294294,A,NA
3.2982982982982985,A,NA
3.3023023023023024,A,NA
3.3063063063063063,A,NA
3.31031031031031,A,NA
3.314314314314314,A,NA
3.3183183183183185,A,NA
3.3223223223223224,A,NA
3.3263263263263263,A,NA
3.33033033033033,A,NA
3.334334334334334,A,NA
3.3383383383383385,A,NA
3.3423423423423424,A,NA
3.3463463463463463,A,NA
3.3503503503503502,A,NA
3.354354354354354,A,NA
3.3583583583583585,A,NA
3.3623623623623624,A,NA
3.3663663663663663,A,NA
3.3703703703703702,A,NA
3.374374374374374,A,NA
3.3783783783783785,A,NA
3.3823823823823824,A,NA
3.3863863863863863,A,NA
3.3903903903903903,A,NA
3.394394394394394,A,NA
3.3983983983983985,A,NA
3.4024024024024024,A,NA
3.4064064064064064,A,NA
3.4104104104104103,A,NA
3.414414414414414,A,NA
3.4184184184184185,A,NA
3.4224224224224224,A,NA
3.4264264264264264,A,NA
3.4304304304304303,A,NA
3.4344344344344346,A,NA
3.4384384384384385,A,NA
3.4424424424424425,A,NA
3.4464464464464464,A,NA
3.4504504504504503,A,NA
3.4544544544544546,A,NA
3.4584584584584586,A,NA
3.4624624624624625,A,NA
3.4664664664664664,A,NA
3.4704704704704703,A,NA
3.4744744744744747,A,NA
3.4784784784784786,A,NA
3.4824824824824825,A,NA
3.4864864864864864,A,NA
3.4904904904904903,A,NA
3.4944944944944947,A,NA
3.4984984984984986,A,NA
3.5025025025025025,A,NA
3.5065065065065064,A,NA
3.5105105105105103,A,NA
3.5145145145145147,A,NA
3.5185185185185186,A,NA
3.5225225225225225,A,NA
3.5265265265265264,A,NA
3.5305305305305303,A,NA
3.5345345345345347,A,NA
3.5385385385385386,A,NA
3.5425425425425425,A,NA
3.5465465465465464,A,NA
3.5505505505505504,A,NA
3.5545545545545547,A,NA
3.5585585585585586,A,NA
3.5625625625625625,A,NA
3.5665665665665665,A,NA
3.5705705705705704,A,NA
3.5745745745745747,A,NA
3.5785785785785786,A,NA
3.5825825825825826,A,NA
3.5865865865865865,A,NA
3.5905905905905904,A,NA
3.5945945945945947,A,NA
3.5985985985985987,A,NA
3.6026026026026026,A,NA
3.6066066066066065,A,NA
3.6106106106106104,A,NA
3.6146146146146148,A,NA
3.6186186186186187,A,NA
3.6226226226226226,A,NA
3.6266266266266265,A,NA
3.6306306306306304,A,NA
3.6346346346346348,A,NA
3.6386386386386387,A,NA
3.6426426426426426,A,NA
3.6466466466466465,A,NA
3.6506506506506504,A,NA
3.6546546546546548,A,NA
3.6586586586586587,A,NA
3.6626626626626626,A,NA
3.6666666666666665,A,NA
3.6706706706706704,A,NA
3.674674674674675,A,NA
3.6786786786786787,A,NA
3.6826826826826826,A,NA
3.6866866866866865,A,NA
3.6906906906906904,A,NA
3.694694694694695,A,NA
3.6986986986986987,A,NA
3.7027027027027026,A,NA
3.7067067067067065,A,NA
3.710710710710711,A,NA
3.714714714714715,A,NA
3.7187187187187187,A,NA
3.7227227227227226,A,NA
3.7267267267267266,A,NA
3.730730730730731,A,NA
3.734734734734735,A,NA
3.7387387387387387,A,NA
3.7427427427427427,A,NA
3.7467467467467466,A,NA
3.750750750750751,A,NA
3.754754754754755,A,NA
3.7587587587587588,A,NA
3.7627627627627627,A,NA
3.7667667667667666,A,NA
3.770770770770771,A,NA
3.774774774774775,A,NA
3.7787787787787788,A,NA
3.7827827827827827,A,NA
3.7867867867867866,A,NA
3.790790790790791,A,NA
3.794794794794795,A,NA
3.798798798798799,A,NA
3.8028028028028027,A,NA
3.8068068068068066,A,NA
3.810810810810811,A,NA
3.814814814814815,A,NA
3.818818818818819,A,NA
3.8228228228228227,A,NA
3.8268268268268266,A,NA
3.830830830830831,A,NA
3.834834834834835,A,NA
3.838838838838839,A,NA
3.8428428428428427,A,NA
3.8468468468468466,A,NA
3.850850850850851,A,NA
3.854854854854855,A,NA
3.858858858858859,A,NA
3.8628628628628627,A,NA
3.8668668668668666,A,NA
3.870870870870871,A,NA
3.874874874874875,A,NA
3.878878878878879,A,NA
3.8828828828828827,A,NA
3.8868868868868867,A,NA
3.890890890890891,A,NA
3.894894894894895,A,NA
3.898898898898899,A,NA
3.9029029029029028,A,NA
3.9069069069069067,A,NA
3.910910910910911,A,NA
3.914914914914915,A,NA
3.918918918918919,A,NA
3.9229229229229228,A,NA
3.9269269269269267,A,NA
3.930930930930931,A,NA
3.934934934934935,A,NA
3.938938938938939,A,NA
3.942942942942943,A,NA
3.946946946946947,A,NA
3.950950950950951,A,NA
3.954954954954955,A,NA
3.958958958958959,A,NA
3.962962962962963,A,NA
3.966966966966967,A,NA
3.970970970970971,A,NA
3.974974974974975,A,NA
3.978978978978979,A,NA
3.982982982982983,A,NA
3.986986986986987,A,NA
3.990990990990991,A,NA
3.994994994994995,A,NA
3.998998998998999,A,NA
4.003003003003003,A,NA
4.007007007007007,A,NA
4.011011011011011,A,NA
4.015015015015015,A,NA
4.019019019019019,A,NA
4.023023023023023,A,NA
4.027027027027027,A,NA
4.031031031031031,A,NA
4.035035035035035,A,NA
4.039039039039039,A,NA
4.043043043043043,A,NA
4.047047047047047,A,NA
4.051051051051051,A,NA
4.055055055055055,A,NA
4.059059059059059,A,NA
4.063063063063063,A,NA
4.067067067067067,A,NA
4.071071071071071,A,NA
4.075075075075075,A,NA
4.079079079079079,A,NA
4.083083083083083,A,NA
4.087087087087087,A,NA
4.091091091091091,A,NA
4.095095095095095,A,NA
4.099099099099099,A,NA
4.103103103103103,A,NA
4.107107107107107,A,NA
4.111111111111111,A,NA
4.115115115115115,A,NA
4.119119119119119,A,NA
4.123123123123123,A,NA
4.127127127127127,A,NA
4.131131131131131,A,NA
4.135135135135135,A,NA
4.1391391391391394,A,NA
4.143143143143143,A,NA
4.147147147147147,A,NA
4.151151151151151,A,NA
4.155155155155155,A,NA
4.1591591591591595,A,NA
4.163163163163163,A,NA
4.167167167167167,A,NA
4.171171171171171,A,NA
4.175175175175175,A,NA
4.1791791791791795,A,NA
4.183183183183183,A,NA
4.187187187187187,A,NA
4.191191191191191,A,NA
4.195195195195195,A,NA
4.1991991991991995,A,NA
4.203203203203203,A,NA
4.207207207207207,A,NA
4.211211211211211,A,NA
4.215215215215215,A,NA
4.2192192192192195,A,NA
4.223223223223224,A,NA
4.227227227227227,A,NA
4.231231231231231,A,NA
4.235235235235235,A,NA
4.2392392392392395,A,NA
4.243243243243244,A,NA
4.247247247247247,A,NA
4.251251251251251,A,NA
4.255255255255255,A,NA
4.2592592592592595,A,NA
4.263263263263264,A,NA
4.267267267267267,A,NA
4.271271271271271,A,NA
4.275275275275275,A,NA
4.2792792792792795,A,NA
4.283283283283284,A,NA
4.287287287287287,A,NA
4.291291291291291,A,NA
4.295295295295295,A,NA
4.2992992992992995,A,NA
4.303303303303304,A,NA
4.307307307307307,A,NA
4.311311311311311,A,NA
4.315315315315315,A,NA
4.31931931931932,A,NA
4.323323323323324,A,NA
4.327327327327327,A,NA
4.331331331331331,A,NA
4.335335335335335,A,NA
4.33933933933934,A,NA
4.343343343343344,A,NA
4.347347347347347,A,NA
4.351351351351351,A,NA
4.355355355355355,A,NA
4.35935935935936,A,NA
4.363363363363364,A,NA
4.367367367367367,A,NA
4.371371371371371,A,NA
4.375375375375375,A,NA
4.37937937937938,A,NA
4.383383383383384,A,NA
4.387387387387387,A,NA
4.391391391391391,A,NA
4.395395395395395,A,NA
4.3993993993994,A,NA
4.403403403403404,A,NA
4.407407407407407,A,NA
4.411411411411411,A,NA
4.415415415415415,A,NA
4.41941941941942,A,NA
4.423423423423424,A,NA
4.4274274274274275,A,NA
4.431431431431431,A,NA
4.435435435435435,A,NA
4.43943943943944,A,NA
4.443443443443444,A,NA
4.4474474474474475,A,NA
4.451451451451451,A,NA
4.455455455455455,A,NA
4.45945945945946,A,NA
4.463463463463464,A,NA
4.4674674674674675,A,NA
4.471471471471471,A,NA
4.475475475475475,A,NA
4.47947947947948,A,NA
4.483483483483484,A,NA
4.4874874874874875,A,NA
4.491491491491491,A,NA
4.495495495495495,A,NA
4.4994994994995,A,NA
4.503503503503504,A,NA
4.5075075075075075,A,NA
4.511511511511511,A,NA
4.515515515515515,A,NA
4.51951951951952,A,NA
4.523523523523524,A,NA
4.5275275275275275,A,NA
4.531531531531531,A,NA
4.535535535535535,A,NA
4.53953953953954,A,NA
4.543543543543544,A,NA
4.5475475475475475,A,NA
4.551551551551551,A,NA
4.555555555555555,A,NA
4.55955955955956,A,NA
4.563563563563564,A,NA
4.5675675675675675,A,NA
4.571571571571571,A,NA
4.575575575575575,A,NA
4.57957957957958,A,NA
4.583583583583584,A,NA
4.5875875875875876,A,NA
4.591591591591591,A,NA
4.595595595595595,A,NA
4.5995995995996,A,NA
4.603603603603604,A,NA
4.607607607607608,A,NA
4.611611611611611,A,NA
4.615615615615615,A,NA
4.61961961961962,A,NA
4.623623623623624,A,NA
4.627627627627628,A,NA
4.631631631631631,A,NA
4.635635635635635,A,NA
4.63963963963964,A,NA
4.643643643643644,A,NA
4.647647647647648,A,NA
4.651651651651651,A,NA
4.655655655655655,A,NA
4.65965965965966,A,NA
4.663663663663664,A,NA
4.667667667667668,A,NA
4.671671671671671,A,NA
4.675675675675675,A,NA
4.67967967967968,A,NA
4.683683683683684,A,NA
4.687687687687688,A,NA
4.691691691691691,A,NA
4.6956956956956954,A,NA
4.6996996996997,A,NA
4.703703703703704,A,NA
4.707707707707708,A,NA
4.711711711711711,A,NA
4.7157157157157155,A,NA
4.71971971971972,A,NA
4.723723723723724,A,NA
4.727727727727728,A,NA
4.731731731731731,A,NA
4.7357357357357355,A,NA
4.73973973973974,A,NA
4.743743743743744,A,NA
4.747747747747748,A,NA
4.751751751751751,A,NA
4.7557557557557555,A,NA
4.75975975975976,A,NA
4.763763763763764,A,NA
4.767767767767768,A,NA
4.771771771771771,A,NA
4.7757757757757755,A,NA
4.77977977977978,A,NA
4.783783783783784,A,NA
4.787787787787788,A,NA
4.791791791791791,A,NA
4.7957957957957955,A,NA
4.7997997997998,A,NA
4.803803803803804,A,NA
4.807807807807808,A,NA
4.811811811811811,A,NA
4.8158158158158155,A,NA
4.81981981981982,A,NA
4.823823823823824,A,NA
4.827827827827828,A,NA
4.831831831831831,A,NA
4.8358358358358355,A,NA
4.83983983983984,A,NA
4.843843843843844,A,NA
4.847847847847848,A,NA
4.851851851851851,A,NA
4.8558558558558556,A,NA
4.85985985985986,A,NA
4.863863863863864,A,NA
4.867867867867868,A,NA
4.871871871871871,A,NA
4.875875875875876,A,NA
4.87987987987988,A,NA
4.883883883883884,A,NA
4.887887887887888,A,NA
4.891891891891891,A,NA
4.895895895895896,A,NA
4.8998998998999,A,NA
4.903903903903904,A,NA
4.907907907907908,A,NA
4.911911911911911,A,NA
4.915915915915916,A,NA
4.91991991991992,A,NA
4.923923923923924,A,NA
4.927927927927928,A,NA
4.931931931931931,A,NA
4.935935935935936,A,NA
4.93993993993994,A,NA
4.943943943943944,A,NA
4.947947947947948,A,NA
4.951951951951951,A,NA
4.955955955955956,A,NA
4.95995995995996,A,NA
4.963963963963964,A,NA
4.967967967967968,A,NA
4.971971971971972,A,NA
4.975975975975976,A,NA
4.97997997997998,A,NA
4.983983983983984,A,NA
4.987987987987988,A,NA
4.991991991991992,A,NA
4.995995995995996,A,NA
5,A,NA
1,B,NA
1.004004004004004,B,NA
1.008008008008008,B,NA
1.012012012012012,B,NA
1.016016016016016,B,NA
1.02002002002002,B,NA
1.024024024024024,B,NA
1.028028028028028,B,NA
1.032032032032032,B,NA
1.0360360360360361,B,NA
1.04004004004004,B,NA
1.044044044044044,B,NA
1.048048048048048,B,NA
1.052052052052052,B,NA
1.0560560560560561,B,NA
1.06006006006006,B,NA
1.064064064064064,B,NA
1.068068068068068,B,NA
1.072072072072072,B,NA
1.0760760760760761,B,NA
1.08008008008008,B,NA
1.084084084084084,B,NA
1.088088088088088,B,NA
1.092092092092092,B,NA
1.0960960960960962,B,NA
1.1001001001001,B,NA
1.1041041041041042,B,NA
1.1081081081081081,B,NA
1.112112112112112,B,NA
1.1161161161161162,B,NA
1.12012012012012,B,NA
1.1241241241241242,B,NA
1.1281281281281281,B,NA
1.132132132132132,B,NA
1.1361361361361362,B,NA
1.14014014014014,B,NA
1.1441441441441442,B,NA
1.1481481481481481,B,NA
1.1521521521521523,B,NA
1.1561561561561562,B,NA
1.16016016016016,B,NA
1.1641641641641642,B,NA
1.1681681681681682,B,NA
1.1721721721721723,B,NA
1.1761761761761762,B,NA
1.1801801801801801,B,NA
1.1841841841841843,B,NA
1.1881881881881882,B,NA
1.1921921921921923,B,NA
1.1961961961961962,B,NA
1.2002002002002001,B,NA
1.2042042042042043,B,NA
1.2082082082082082,B,NA
1.2122122122122123,B,NA
1.2162162162162162,B,NA
1.2202202202202201,B,NA
1.2242242242242243,B,NA
1.2282282282282282,B,NA
1.2322322322322323,B,NA
1.2362362362362362,B,NA
1.2402402402402402,B,NA
1.2442442442442443,B,NA
1.2482482482482482,B,NA
1.2522522522522523,B,NA
1.2562562562562563,B,NA
1.2602602602602602,B,NA
1.2642642642642643,B,NA
1.2682682682682682,B,NA
1.2722722722722724,B,NA
1.2762762762762763,B,NA
1.2802802802802802,B,NA
1.2842842842842843,B,NA
1.2882882882882882,B,NA
1.2922922922922924,B,NA
1.2962962962962963,B,NA
1.3003003003003002,B,NA
1.3043043043043043,B,NA
1.3083083083083082,B,NA
1.3123123123123124,B,NA
1.3163163163163163,B,NA
1.3203203203203202,B,NA
1.3243243243243243,B,NA
1.3283283283283283,B,NA
1.3323323323323324,B,NA
1.3363363363363363,B,NA
1.3403403403403402,B,NA
1.3443443443443444,B,NA
1.3483483483483483,B,NA
1.3523523523523524,B,NA
1.3563563563563563,B,NA
1.3603603603603602,B,NA
1.3643643643643644,B,NA
1.3683683683683685,B,NA
1.3723723723723724,B,NA
1.3763763763763763,B,NA
1.3803803803803802,B,NA
1.3843843843843844,B,NA
1.3883883883883885,B,NA
1.3923923923923924,B,NA
1.3963963963963963,B,NA
1.4004004004004003,B,NA
1.4044044044044044,B,NA
1.4084084084084085,B,NA
1.4124124124124124,B,NA
1.4164164164164164,B,NA
1.4204204204204205,B,NA
1.4244244244244244,B,NA
1.4284284284284285,B,NA
1.4324324324324325,B,NA
1.4364364364364364,B,NA
1.4404404404404405,B,NA
1.4444444444444444,B,NA
1.4484484484484486,B,NA
1.4524524524524525,B,NA
1.4564564564564564,B,NA
1.4604604604604605,B,NA
1.4644644644644644,B,NA
1.4684684684684686,B,NA
1.4724724724724725,B,NA
1.4764764764764764,B,NA
1.4804804804804805,B,NA
1.4844844844844844,B,NA
1.4884884884884886,B,NA
1.4924924924924925,B,NA
1.4964964964964964,B,NA
1.5005005005005005,B,NA
1.5045045045045045,B,NA
1.5085085085085086,B,NA
1.5125125125125125,B,NA
1.5165165165165164,B,NA
1.5205205205205206,B,NA
1.5245245245245245,B,NA
1.5285285285285286,B,NA
1.5325325325325325,B,NA
1.5365365365365364,B,NA
1.5405405405405406,B,NA
1.5445445445445445,B,NA
1.5485485485485486,B,NA
1.5525525525525525,B,NA
1.5565565565565564,B,NA
1.5605605605605606,B,NA
1.5645645645645647,B,NA
1.5685685685685686,B,NA
1.5725725725725725,B,NA
1.5765765765765765,B,NA
1.5805805805805806,B,NA
1.5845845845845847,B,NA
1.5885885885885886,B,NA
1.5925925925925926,B,NA
1.5965965965965965,B,NA
1.6006006006006006,B,NA
1.6046046046046047,B,NA
1.6086086086086087,B,NA
1.6126126126126126,B,NA
1.6166166166166165,B,NA
1.6206206206206206,B,NA
1.6246246246246248,B,NA
1.6286286286286287,B,NA
1.6326326326326326,B,NA
1.6366366366366365,B,NA
1.6406406406406406,B,NA
1.6446446446446448,B,NA
1.6486486486486487,B,NA
1.6526526526526526,B,NA
1.6566566566566565,B,NA
1.6606606606606606,B,NA
1.6646646646646648,B,NA
1.6686686686686687,B,NA
1.6726726726726726,B,NA
1.6766766766766765,B,NA
1.6806806806806807,B,NA
1.6846846846846848,B,NA
1.6886886886886887,B,NA
1.6926926926926926,B,NA
1.6966966966966965,B,NA
1.7007007007007007,B,NA
1.7047047047047048,B,NA
1.7087087087087087,B,NA
1.7127127127127126,B,NA
1.7167167167167166,B,NA
1.7207207207207207,B,NA
1.7247247247247248,B,NA
1.7287287287287287,B,NA
1.7327327327327327,B,NA
1.7367367367367368,B,NA
1.7407407407407407,B,NA
1.7447447447447448,B,NA
1.7487487487487487,B,NA
1.7527527527527527,B,NA
1.7567567567567568,B,NA
1.7607607607607607,B,NA
1.7647647647647648,B,NA
1.7687687687687688,B,NA
1.7727727727727727,B,NA
1.7767767767767768,B,NA
1.7807807807807807,B,NA
1.7847847847847849,B,NA
1.7887887887887888,B,NA
1.7927927927927927,B,NA
1.7967967967967968,B,NA
1.8008008008008007,B,NA
1.8048048048048049,B,NA
1.8088088088088088,B,NA
1.8128128128128127,B,NA
1.8168168168168168,B,NA
1.820820820820821,B,NA
1.8248248248248249,B,NA
1.8288288288288288,B,NA
1.8328328328328327,B,NA
1.8368368368368369,B,NA
1.840840840840841,B,NA
1.844844844844845,B,NA
1.8488488488488488,B,NA
1.8528528528528527,B,NA
1.8568568568568569,B,NA
1.860860860860861,B,NA
1.864864864864865,B,NA
1.8688688688688688,B,NA
1.8728728728728727,B,NA
1.8768768768768769,B,NA
1.880880880880881,B,NA
1.884884884884885,B,NA
1.8888888888888888,B,NA
1.8928928928928928,B,NA
1.8968968968968969,B,NA
1.900900900900901,B,NA
1.904904904904905,B,NA
1.9089089089089089,B,NA
1.9129129129129128,B,NA
1.916916916916917,B,NA
1.920920920920921,B,NA
1.924924924924925,B,NA
1.9289289289289289,B,NA
1.9329329329329328,B,NA
1.936936936936937,B,NA
1.940940940940941,B,NA
1.944944944944945,B,NA
1.9489489489489489,B,NA
1.9529529529529528,B,NA
1.956956956956957,B,NA
1.960960960960961,B,NA
1.964964964964965,B,NA
1.968968968968969,B,NA
1.9729729729729728,B,NA
1.976976976976977,B,NA
1.980980980980981,B,NA
1.984984984984985,B,NA
1.988988988988989,B,NA
1.992992992992993,B,NA
1.996996996996997,B,NA
2.001001001001001,B,NA
2.005005005005005,B,NA
2.009009009009009,B,NA
2.013013013013013,B,NA
2.017017017017017,B,NA
2.021021021021021,B,NA
2.025025025025025,B,NA
2.029029029029029,B,NA
2.033033033033033,B,NA
2.037037037037037,B,NA
2.041041041041041,B,NA
2.045045045045045,B,NA
2.049049049049049,B,NA
2.053053053053053,B,NA
2.057057057057057,B,NA
2.061061061061061,B,NA
2.065065065065065,B,NA
2.069069069069069,B,NA
2.073073073073073,B,NA
2.0770770770770772,B,NA
2.081081081081081,B,NA
2.085085085085085,B,NA
2.089089089089089,B,NA
2.093093093093093,B,NA
2.0970970970970972,B,NA
2.101101101101101,B,NA
2.105105105105105,B,NA
2.1091091091091094,B,NA
2.113113113113113,B,NA
2.1171171171171173,B,NA
2.121121121121121,B,NA
2.125125125125125,B,NA
2.1291291291291294,B,NA
2.133133133133133,B,NA
2.1371371371371373,B,NA
2.141141141141141,B,NA
2.145145145145145,B,NA
2.1491491491491495,B,NA
2.153153153153153,B,NA
2.1571571571571573,B,NA
2.161161161161161,B,NA
2.165165165165165,B,NA
2.1691691691691695,B,NA
2.173173173173173,B,NA
2.1771771771771773,B,NA
2.181181181181181,B,NA
2.185185185185185,B,NA
2.1891891891891895,B,NA
2.193193193193193,B,NA
2.1971971971971973,B,NA
2.201201201201201,B,NA
2.205205205205205,B,NA
2.2092092092092095,B,NA
2.213213213213213,B,NA
2.2172172172172173,B,NA
2.2212212212212212,B,NA
2.225225225225225,B,NA
2.2292292292292295,B,NA
2.233233233233233,B,NA
2.2372372372372373,B,NA
2.2412412412412412,B,NA
2.245245245245245,B,NA
2.2492492492492495,B,NA
2.253253253253253,B,NA
2.2572572572572573,B,NA
2.2612612612612613,B,NA
2.265265265265265,B,NA
2.2692692692692695,B,NA
2.273273273273273,B,NA
2.2772772772772774,B,NA
2.2812812812812813,B,NA
2.285285285285285,B,NA
2.2892892892892895,B,NA
2.293293293293293,B,NA
2.2972972972972974,B,NA
2.3013013013013013,B,NA
2.305305305305305,B,NA
2.3093093093093096,B,NA
2.313313313313313,B,NA
2.3173173173173174,B,NA
2.3213213213213213,B,NA
2.325325325325325,B,NA
2.3293293293293296,B,NA
2.333333333333333,B,NA
2.3373373373373374,B,NA
2.3413413413413413,B,NA
2.3453453453453452,B,NA
2.3493493493493496,B,NA
2.353353353353353,B,NA
2.3573573573573574,B,NA
2.3613613613613613,B,NA
2.3653653653653652,B,NA
2.3693693693693696,B,NA
2.373373373373373,B,NA
2.3773773773773774,B,NA
2.3813813813813813,B,NA
2.3853853853853852,B,NA
2.3893893893893896,B,NA
2.393393393393393,B,NA
2.3973973973973974,B,NA
2.4014014014014013,B,NA
2.4054054054054053,B,NA
2.4094094094094096,B,NA
2.413413413413413,B,NA
2.4174174174174174,B,NA
2.4214214214214214,B,NA
2.4254254254254253,B,NA
2.4294294294294296,B,NA
2.433433433433433,B,NA
2.4374374374374375,B,NA
2.4414414414414414,B,NA
2.4454454454454453,B,NA
2.4494494494494496,B,NA
2.453453453453453,B,NA
2.4574574574574575,B,NA
2.4614614614614614,B,NA
2.4654654654654653,B,NA
2.4694694694694697,B,NA
2.4734734734734736,B,NA
2.4774774774774775,B,NA
2.4814814814814814,B,NA
2.4854854854854853,B,NA
2.4894894894894897,B,NA
2.4934934934934936,B,NA
2.4974974974974975,B,NA
2.5015015015015014,B,NA
2.5055055055055053,B,NA
2.5095095095095097,B,NA
2.5135135135135136,B,NA
2.5175175175175175,B,NA
2.5215215215215214,B,NA
2.5255255255255253,B,NA
2.5295295295295297,B,NA
2.5335335335335336,B,NA
2.5375375375375375,B,NA
2.5415415415415414,B,NA
2.5455455455455454,B,NA
2.5495495495495497,B,NA
2.5535535535535536,B,NA
2.5575575575575575,B,NA
2.5615615615615615,B,NA
2.5655655655655654,B,NA
2.5695695695695697,B,NA
2.5735735735735736,B,NA
2.5775775775775776,B,NA
2.5815815815815815,B,NA
2.5855855855855854,B,NA
2.5895895895895897,B,NA
2.5935935935935936,B,NA
2.5975975975975976,B,NA
2.6016016016016015,B,NA
2.6056056056056054,B,NA
2.6096096096096097,B,NA
2.6136136136136137,B,NA
2.6176176176176176,B,NA
2.621621621621622,B,NA
2.6256256256256254,B,NA
2.6296296296296298,B,NA
2.6336336336336337,B,NA
2.6376376376376376,B,NA
2.641641641641642,B,NA
2.6456456456456454,B,NA
2.6496496496496498,B,NA
2.6536536536536537,B,NA
2.6576576576576576,B,NA
2.661661661661662,B,NA
2.6656656656656654,B,NA
2.66966966966967,B,NA
2.6736736736736737,B,NA
2.6776776776776776,B,NA
2.681681681681682,B,NA
2.6856856856856854,B,NA
2.68968968968969,B,NA
2.6936936936936937,B,NA
2.6976976976976976,B,NA
2.701701701701702,B,NA
2.7057057057057055,B,NA
2.70970970970971,B,NA
2.7137137137137137,B,NA
2.7177177177177176,B,NA
2.721721721721722,B,NA
2.7257257257257255,B,NA
2.72972972972973,B,NA
2.7337337337337337,B,NA
2.7377377377377377,B,NA
2.741741741741742,B,NA
2.7457457457457455,B,NA
2.74974974974975,B,NA
2.7537537537537538,B,NA
2.7577577577577577,B,NA
2.761761761761762,B,NA
2.7657657657657655,B,NA
2.76976976976977,B,NA
2.7737737737737738,B,NA
2.7777777777777777,B,NA
2.781781781781782,B,NA
2.7857857857857855,B,NA
2.78978978978979,B,NA
2.7937937937937938,B,NA
2.7977977977977977,B,NA
2.801801801801802,B,NA
2.8058058058058055,B,NA
2.80980980980981,B,NA
2.813813813813814,B,NA
2.8178178178178177,B,NA
2.821821821821822,B,NA
2.8258258258258255,B,NA
2.82982982982983,B,NA
2.833833833833834,B,NA
2.8378378378378377,B,NA
2.841841841841842,B,NA
2.8458458458458455,B,NA
2.84984984984985,B,NA
2.853853853853854,B,NA
2.8578578578578577,B,NA
2.861861861861862,B,NA
2.8658658658658656,B,NA
2.86986986986987,B,NA
2.873873873873874,B,NA
2.8778778778778777,B,NA
2.881881881881882,B,NA
2.8858858858858856,B,NA
2.88988988988989,B,NA
2.893893893893894,B,NA
2.8978978978978978,B,NA
2.901901901901902,B,NA
2.9059059059059056,B,NA
2.90990990990991,B,NA
2.913913913913914,B,NA
2.9179179179179178,B,NA
2.921921921921922,B,NA
2.9259259259259256,B,NA
2.92992992992993,B,NA
2.933933933933934,B,NA
2.937937937937938,B,NA
2.941941941941942,B,NA
2.9459459459459456,B,NA
2.94994994994995,B,NA
2.953953953953954,B,NA
2.957957957957958,B,NA
2.961961961961962,B,NA
2.9659659659659656,B,NA
2.96996996996997,B,NA
2.973973973973974,B,NA
2.977977977977978,B,NA
2.981981981981982,B,NA
2.985985985985986,B,NA
2.98998998998999,B,NA
2.993993993993994,B,NA
2.997997997997998,B,NA
3.002002002002002,B,NA
3.006006006006006,B,NA
3.01001001001001,B,NA
3.014014014014014,B,NA
3.018018018018018,B,NA
3.022022022022022,B,NA
3.026026026026026,B,NA
3.03003003003003,B,NA
3.034034034034034,B,NA
3.038038038038038,B,NA
3.042042042042042,B,NA
3.046046046046046,B,NA
3.05005005005005,B,NA
3.054054054054054,B,NA
3.058058058058058,B,NA
3.062062062062062,B,NA
3.066066066066066,B,NA
3.07007007007007,B,NA
3.074074074074074,B,NA
3.078078078078078,B,NA
3.0820820820820822,B,NA
3.086086086086086,B,NA
3.09009009009009,B,NA
3.094094094094094,B,NA
3.098098098098098,B,NA
3.1021021021021022,B,NA
3.106106106106106,B,NA
3.11011011011011,B,NA
3.114114114114114,B,NA
3.118118118118118,B,NA
3.1221221221221223,B,NA
3.126126126126126,B,NA
3.13013013013013,B,NA
3.134134134134134,B,NA
3.138138138138138,B,NA
3.1421421421421423,B,NA
3.146146146146146,B,NA
3.15015015015015,B,NA
3.154154154154154,B,NA
3.158158158158158,B,NA
3.1621621621621623,B,NA
3.166166166166166,B,NA
3.17017017017017,B,NA
3.174174174174174,B,NA
3.178178178178178,B,NA
3.1821821821821823,B,NA
3.186186186186186,B,NA
3.19019019019019,B,NA
3.194194194194194,B,NA
3.1981981981981984,B,NA
3.2022022022022023,B,NA
3.2062062062062062,B,NA
3.21021021021021,B,NA
3.214214214214214,B,NA
3.2182182182182184,B,NA
3.2222222222222223,B,NA
3.2262262262262262,B,NA
3.23023023023023,B,NA
3.234234234234234,B,NA
3.2382382382382384,B,NA
3.2422422422422423,B,NA
3.2462462462462462,B,NA
3.25025025025025,B,NA
3.254254254254254,B,NA
3.2582582582582584,B,NA
3.2622622622622623,B,NA
3.2662662662662663,B,NA
3.27027027027027,B,NA
3.274274274274274,B,NA
3.2782782782782784,B,NA
3.2822822822822824,B,NA
3.2862862862862863,B,NA
3.29029029029029,B,NA
3.294294294294294,B,NA
3.2982982982982985,B,NA
3.3023023023023024,B,NA
3.3063063063063063,B,NA
3.31031031031031,B,NA
3.314314314314314,B,NA
3.3183183183183185,B,NA
3.3223223223223224,B,NA
3.3263263263263263,B,NA
3.33033033033033,B,NA
3.334334334334334,B,NA
3.3383383383383385,B,NA
3.3423423423423424,B,NA
3.3463463463463463,B,NA
3.3503503503503502,B,NA
3.354354354354354,B,NA
3.3583583583583585,B,NA
3.3623623623623624,B,NA
3.3663663663663663,B,NA
3.3703703703703702,B,NA
3.374374374374374,B,NA
3.3783783783783785,B,NA
3.3823823823823824,B,NA
3.3863863863863863,B,NA
3.3903903903903903,B,NA
3.394394394394394,B,NA
3.3983983983983985,B,NA
3.4024024024024024,B,NA
3.4064064064064064,B,NA
3.4104104104104103,B,NA
3.414414414414414,B,NA
3.4184184184184185,B,NA
3.4224224224224224,B,NA
3.4264264264264264,B,NA
3.4304304304304303,B,NA
3.4344344344344346,B,NA
3.4384384384384385,B,NA
3.4424424424424425,B,NA
3.4464464464464464,B,NA
3.4504504504504503,B,NA
3.4544544544544546,B,NA
3.4584584584584586,B,NA
3.4624624624624625,B,NA
3.4664664664664664,B,NA
3.4704704704704703,B,NA
3.4744744744744747,B,NA
3.4784784784784786,B,NA
3.4824824824824825,B,NA
3.4864864864864864,B,NA
3.4904904904904903,B,NA
3.4944944944944947,B,NA
3.4984984984984986,B,NA
3.5025025025025025,B,NA
3.5065065065065064,B,NA
3.5105105105105103,B,NA
3.5145145145145147,B,NA
3.5185185185185186,B,NA
3.5225225225225225,B,NA
3.5265265265265264,B,NA
3.5305305305305303,B,NA
3.5345345345345347,B,NA
3.5385385385385386,B,NA
3.5425425425425425,B,NA
3.5465465465465464,B,NA
3.5505505505505504,B,NA
3.5545545545545547,B,NA
3.5585585585585586,B,NA
3.5625625625625625,B,NA
3.5665665665665665,B,NA
3.5705705705705704,B,NA
3.5745745745745747,B,NA
3.5785785785785786,B,NA
3.5825825825825826,B,NA
3.5865865865865865,B,NA
3.5905905905905904,B,NA
3.5945945945945947,B,NA
3.5985985985985987,B,NA
3.6026026026026026,B,NA
3.6066066066066065,B,NA
3.6106106106106104,B,NA
3.6146146146146148,B,NA
3.6186186186186187,B,NA
3.6226226226226226,B,NA
3.6266266266266265,B,NA
3.6306306306306304,B,NA
3.6346346346346348,B,NA
3.6386386386386387,B,NA
3.6426426426426426,B,NA
3.6466466466466465,B,NA
3.6506506506506504,B,NA
3.6546546546546548,B,NA
3.6586586586586587,B,NA
3.6626626626626626,B,NA
3.6666666666666665,B,NA
3.6706706706706704,B,NA
3.674674674674675,B,NA
3.6786786786786787,B,NA
3.6826826826826826,B,NA
3.6866866866866865,B,NA
3.6906906906906904,B,NA
3.694694694694695,B,NA
3.6986986986986987,B,NA
3.7027027027027026,B,NA
3.7067067067067065,B,NA
3.710710710710711,B,NA
3.714714714714715,B,NA
3.7187187187187187,B,NA
3.7227227227227226,B,NA
3.7267267267267266,B,NA
3.730730730730731,B,NA
3.734734734734735,B,NA
3.7387387387387387,B,NA
3.7427427427427427,B,NA
3.7467467467467466,B,NA
3.750750750750751,B,NA
3.754754754754755,B,NA
3.7587587587587588,B,NA
3.7627627627627627,B,NA
3.7667667667667666,B,NA
3.770770770770771,B,NA
3.774774774774775,B,NA
3.7787787787787788,B,NA
3.7827827827827827,B,NA
3.7867867867867866,B,NA
3.790790790790791,B,NA
3.794794794794795,B,NA
3.798798798798799,B,NA
3.8028028028028027,B,NA
3.8068068068068066,B,NA
3.810810810810811,B,NA
3.814814814814815,B,NA
3.818818818818819,B,NA
3.8228228228228227,B,NA
3.8268268268268266,B,NA
3.830830830830831,B,NA
3.834834834834835,B,NA
3.838838838838839,B,NA
3.8428428428428427,B,NA
3.8468468468468466,B,NA
3.850850850850851,B,NA
3.854854854854855,B,NA
3.858858858858859,B,NA
3.8628628628628627,B,NA
3.8668668668668666,B,NA
3.870870870870871,B,NA
3.874874874874875,B,NA
3.878878878878879,B,NA
3.8828828828828827,B,NA
3.8868868868868867,B,NA
3.890890890890891,B,NA
3.894894894894895,B,NA
3.898898898898899,B,NA
3.9029029029029028,B,NA
3.9069069069069067,B,NA
3.910910910910911,B,NA
3.914914914914915,B,NA
3.918918918918919,B,NA
3.9229229229229228,B,NA
3.9269269269269267,B,NA
3.930930930930931,B,NA
3.934934934934935,B,NA
3.938938938938939,B,NA
3.942942942942943,B,NA
3.946946946946947,B,NA
3.950950950950951,B,NA
3.954954954954955,B,NA
3.958958958958959,B,NA
3.962962962962963,B,NA
3.966966966966967,B,NA
3.970970970970971,B,NA
3.974974974974975,B,NA
3.978978978978979,B,NA
3.982982982982983,B,NA
3.986986986986987,B,NA
3.990990990990991,B,NA
3.994994994994995,B,NA
3.998998998998999,B,NA
4.003003003003003,B,NA
4.007007007007007,B,NA
4.011011011011011,B,NA
4.015015015015015,B,NA
4.019019019019019,B,NA
4.023023023023023,B,NA
4.027027027027027,B,NA
4.031031031031031,B,NA
4.035035035035035,B,NA
4.039039039039039,B,NA
4.043043043043043,B,NA
4.047047047047047,B,NA
4.051051051051051,B,NA
4.055055055055055,B,NA
4.059059059059059,B,NA
4.063063063063063,B,NA
4.067067067067067,B,NA
4.071071071071071,B,NA
4.075075075075075,B,NA
4.079079079079079,B,NA
4.083083083083083,B,NA
4.087087087087087,B,NA
4.091091091091091,B,NA
4.095095095095095,B,NA
4.099099099099099,B,NA
4.103103103103103,B,NA
4.107107107107107,B,NA
4.111111111111111,B,NA
4.115115115115115,B,NA
4.119119119119119,B,NA
4.123123123123123,B,NA
4.127127127127127,B,NA
4.131131131131131,B,NA
4.135135135135135,B,NA
4.1391391391391394,B,NA
4.143143143143143,B,NA
4.147147147147147,B,NA
4.151151151151151,B,NA
4.155155155155155,B,NA
4.1591591591591595,B,NA
4.163163163163163,B,NA
4.167167167167167,B,NA
4.171171171171171,B,NA
4.175175175175175,B,NA
4.1791791791791795,B,NA
4.183183183183183,B,NA
4.187187187187187,B,NA
4.191191191191191,B,NA
4.195195195195195,B,NA
4.1991991991991995,B,NA
4.203203203203203,B,NA
4.207207207207207,B,NA
4.211211211211211,B,NA
4.215215215215215,B,NA
4.2192192192192195,B,NA
4.223223223223224,B,NA
4.227227227227227,B,NA
4.231231231231231,B,NA
4.235235235235235,B,NA
4.2392392392392395,B,NA
4.243243243243244,B,NA
4.247247247247247,B,NA
4.251251251251251,B,NA
4.255255255255255,B,NA
4.2592592592592595,B,NA
4.263263263263264,B,NA
4.267267267267267,B,NA
4.271271271271271,B,NA
4.275275275275275,B,NA
4.2792792792792795,B,NA
4.283283283283284,B,NA
4.287287287287287,B,NA
4.291291291291291,B,NA
4.295295295295295,B,NA
4.2992992992992995,B,NA
4.303303303303304,B,NA
4.307307307307307,B,NA
4.311311311311311,B,NA
4.315315315315315,B,NA
4.31931931931932,B,NA
4.323323323323324,B,NA
4.327327327327327,B,NA
4.331331331331331,B,NA
4.335335335335335,B,NA
4.33933933933934,B,NA
4.343343343343344,B,NA
4.347347347347347,B,NA
4.351351351351351,B,NA
4.355355355355355,B,NA
4.35935935935936,B,NA
4.363363363363364,B,NA
4.367367367367367,B,NA
4.371371371371371,B,NA
4.375375375375375,B,NA
4.37937937937938,B,NA
4.383383383383384,B,NA
4.387387387387387,B,NA
4.391391391391391,B,NA
4.395395395395395,B,NA
4.3993993993994,B,NA
4.403403403403404,B,NA
4.407407407407407,B,NA
4.411411411411411,B,NA
4.415415415415415,B,NA
4.41941941941942,B,NA
4.423423423423424,B,NA
4.4274274274274275,B,NA
4.431431431431431,B,NA
4.435435435435435,B,NA
4.43943943943944,B,NA
4.443443443443444,B,NA
4.4474474474474475,B,NA
4.451451451451451,B,NA
4.455455455455455,B,NA
4.45945945945946,B,NA
4.463463463463464,B,NA
4.4674674674674675,B,NA
4.471471471471471,B,NA
4.475475475475475,B,NA
4.47947947947948,B,NA
4.483483483483484,B,NA
4.4874874874874875,B,NA
4.491491491491491,B,NA
4.495495495495495,B,NA
4.4994994994995,B,NA
4.503503503503504,B,NA
4.5075075075075075,B,NA
4.511511511511511,B,NA
4.515515515515515,B,NA
4.51951951951952,B,NA
4.523523523523524,B,NA
4.5275275275275275,B,NA
4.531531531531531,B,NA
4.535535535535535,B,NA
4.53953953953954,B,NA
4.543543543543544,B,NA
4.5475475475475475,B,NA
4.551551551551551,B,NA
4.555555555555555,B,NA
4.55955955955956,B,NA
4.563563563563564,B,NA
4.5675675675675675,B,NA
4.571571571571571,B,NA
4.575575575575575,B,NA
4.57957957957958,B,NA
4.583583583583584,B,NA
4.5875875875875876,B,NA
4.591591591591591,B,NA
4.595595595595595,B,NA
4.5995995995996,B,NA
4.603603603603604,B,NA
4.607607607607608,B,NA
4.611611611611611,B,NA
4.615615615615615,B,NA
4.61961961961962,B,NA
4.623623623623624,B,NA
4.627627627627628,B,NA
4.631631631631631,B,NA
4.635635635635635,B,NA
4.63963963963964,B,NA
4.643643643643644,B,NA
4.647647647647648,B,NA
4.651651651651651,B,NA
4.655655655655655,B,NA
4.65965965965966,B,NA
4.663663663663664,B,NA
4.667667667667668,B,NA
4.671671671671671,B,NA
4.675675675675675,B,NA
4.67967967967968,B,NA
4.683683683683684,B,NA
4.687687687687688,B,NA
4.691691691691691,B,NA
4.6956956956956954,B,NA
4.6996996996997,B,NA
4.703703703703704,B,NA
4.707707707707708,B,NA
4.711711711711711,B,NA
4.7157157157157155,B,NA
4.71971971971972,B,NA
4.723723723723724,B,NA
4.727727727727728,B,NA
4.731731731731731,B,NA
4.7357357357357355,B,NA
4.73973973973974,B,NA
4.743743743743744,B,NA
4.747747747747748,B,NA
4.751751751751751,B,NA
4.7557557557557555,B,NA
4.75975975975976,B,NA
4.763763763763764,B,NA
4.767767767767768,B,NA
4.771771771771771,B,NA
4.7757757757757755,B,NA
4.77977977977978,B,NA
4.783783783783784,B,NA
4.787787787787788,B,NA
4.791791791791791,B,NA
4.7957957957957955,B,NA
4.7997997997998,B,NA
4.803803803803804,B,NA
4.807807807807808,B,NA
4.811811811811811,B,NA
4.8158158158158155,B,NA
4.81981981981982,B,NA
4.823823823823824,B,NA
4.827827827827828,B,NA
4.831831831831831,B,NA
4.8358358358358355,B,NA
4.83983983983984,B,NA
4.843843843843844,B,NA
4.847847847847848,B,NA
4.851851851851851,B,NA
4.8558558558558556,B,NA
4.85985985985986,B,NA
4.863863863863864,B,NA
4.867867867867868,B,NA
4.871871871871871,B,NA
4.875875875875876,B,NA
4.87987987987988,B,NA
4.883883883883884,B,NA
4.887887887887888,B,NA
4.891891891891891,B,NA
4.895895895895896,B,NA
4.8998998998999,B,NA
4.903903903903904,B,NA
4.907907907907908,B,NA
4.911911911911911,B,NA
4.915915915915916,B,NA
4.91991991991992,B,NA
4.923923923923924,B,NA
4.927927927927928,B,NA
4.931931931931931,B,NA
4.935935935935936,B,NA
4.93993993993994,B,NA
4.943943943943944,B,NA
4.947947947947948,B,NA
4.951951951951951,B,NA
4.955955955955956,B,NA
4.95995995995996,B,NA
4.963963963963964,B,NA
4.967967967967968,B,NA
4.971971971971972,B,NA
4.975975975975976,B,NA
4.97997997997998,B,NA
4.983983983983984,B,NA
4.987987987987988,B,NA
4.991991991991992,B,NA
4.995995995995996,B,NA
5,B,NA
1,C,NA
1.004004004004004,C,NA
1.008008008008008,C,NA
1.012012012012012,C,NA
1.016016016016016,C,NA
1.02002002002002,C,NA
1.024024024024024,C,NA
1.028028028028028,C,NA
1.032032032032032,C,NA
1.0360360360360361,C,NA
1.04004004004004,C,NA
1.044044044044044,C,NA
1.048048048048048,C,NA
1.052052052052052,C,NA
1.0560560560560561,C,NA
1.06006006006006,C,NA
1.064064064064064,C,NA
1.068068068068068,C,NA
1.072072072072072,C,NA
1.0760760760760761,C,NA
1.08008008008008,C,NA
1.084084084084084,C,NA
1.088088088088088,C,NA
1.092092092092092,C,NA
1.0960960960960962,C,NA
1.1001001001001,C,NA
1.1041041041041042,C,NA
1.1081081081081081,C,NA
1.112112112112112,C,NA
1.1161161161161162,C,NA
1.12012012012012,C,NA
1.1241241241241242,C,NA
1.1281281281281281,C,NA
1.132132132132132,C,NA
1.1361361361361362,C,NA
1.14014014014014,C,NA
1.1441441441441442,C,NA
1.1481481481481481,C,NA
1.1521521521521523,C,NA
1.1561561561561562,C,NA
1.16016016016016,C,NA
1.1641641641641642,C,NA
1.1681681681681682,C,NA
1.1721721721721723,C,NA
1.1761761761761762,C,NA
1.1801801801801801,C,NA
1.1841841841841843,C,NA
1.1881881881881882,C,NA
1.1921921921921923,C,NA
1.1961961961961962,C,NA
1.2002002002002001,C,NA
1.2042042042042043,C,NA
1.2082082082082082,C,NA
1.2122122122122123,C,NA
1.2162162162162162,C,NA
1.2202202202202201,C,NA
1.2242242242242243,C,NA
1.2282282282282282,C,NA
1.2322322322322323,C,NA
1.2362362362362362,C,NA
1.2402402402402402,C,NA
1.2442442442442443,C,NA
1.2482482482482482,C,NA
1.2522522522522523,C,NA
1.2562562562562563,C,NA
1.2602602602602602,C,NA
1.2642642642642643,C,NA
1.2682682682682682,C,NA
1.2722722722722724,C,NA
1.2762762762762763,C,NA
1.2802802802802802,C,NA
1.2842842842842843,C,NA
1.2882882882882882,C,NA
1.2922922922922924,C,NA
1.2962962962962963,C,NA
1.3003003003003002,C,NA
1.3043043043043043,C,NA
1.3083083083083082,C,NA
1.3123123123123124,C,NA
1.3163163163163163,C,NA
1.3203203203203202,C,NA
1.3243243243243243,C,NA
1.3283283283283283,C,NA
1.3323323323323324,C,NA
1.3363363363363363,C,NA
1.3403403403403402,C,NA
1.3443443443443444,C,NA
1.3483483483483483,C,NA
1.3523523523523524,C,NA
1.3563563563563563,C,NA
1.3603603603603602,C,NA
1.3643643643643644,C,NA
1.3683683683683685,C,NA
1.3723723723723724,C,NA
1.3763763763763763,C,NA
1.3803803803803802,C,NA
1.3843843843843844,C,NA
1.3883883883883885,C,NA
1.3923923923923924,C,NA
1.3963963963963963,C,NA
1.4004004004004003,C,NA
1.4044044044044044,C,NA
1.4084084084084085,C,NA
1.4124124124124124,C,NA
1.4164164164164164,C,NA
1.4204204204204205,C,NA
1.4244244244244244,C,NA
1.4284284284284285,C,NA
1.4324324324324325,C,NA
1.4364364364364364,C,NA
1.4404404404404405,C,NA
1.4444444444444444,C,NA
1.4484484484484486,C,NA
1.4524524524524525,C,NA
1.4564564564564564,C,NA
1.4604604604604605,C,NA
1.4644644644644644,C,NA
1.4684684684684686,C,NA
1.4724724724724725,C,NA
1.4764764764764764,C,NA
1.4804804804804805,C,NA
1.4844844844844844,C,NA
1.4884884884884886,C,NA
1.4924924924924925,C,NA
1.4964964964964964,C,NA
1.5005005005005005,C,NA
1.5045045045045045,C,NA
1.5085085085085086,C,NA
1.5125125125125125,C,NA
1.5165165165165164,C,NA
1.5205205205205206,C,NA
1.5245245245245245,C,NA
1.5285285285285286,C,NA
1.5325325325325325,C,NA
1.5365365365365364,C,NA
1.5405405405405406,C,NA
1.5445445445445445,C,NA
1.5485485485485486,C,NA
1.5525525525525525,C,NA
1.5565565565565564,C,NA
1.5605605605605606,C,NA
1.5645645645645647,C,NA
1.5685685685685686,C,NA
1.5725725725725725,C,NA
1.5765765765765765,C,NA
1.5805805805805806,C,NA
1.5845845845845847,C,NA
1.5885885885885886,C,NA
1.5925925925925926,C,NA
1.5965965965965965,C,NA
1.6006006006006006,C,NA
1.6046046046046047,C,NA
1.6086086086086087,C,NA
1.6126126126126126,C,NA
1.6166166166166165,C,NA
1.6206206206206206,C,NA
1.6246246246246248,C,NA
1.6286286286286287,C,NA
1.6326326326326326,C,NA
1.6366366366366365,C,NA
1.6406406406406406,C,NA
1.6446446446446448,C,NA
1.6486486486486487,C,NA
1.6526526526526526,C,NA
1.6566566566566565,C,NA
1.6606606606606606,C,NA
1.6646646646646648,C,NA
1.6686686686686687,C,NA
1.6726726726726726,C,NA
1.6766766766766765,C,NA
1.6806806806806807,C,NA
1.6846846846846848,C,NA
1.6886886886886887,C,NA
1.6926926926926926,C,NA
1.6966966966966965,C,NA
1.7007007007007007,C,NA
1.7047047047047048,C,NA
1.7087087087087087,C,NA
1.7127127127127126,C,NA
1.7167167167167166,C,NA
1.7207207207207207,C,NA
1.7247247247247248,C,NA
1.7287287287287287,C,NA
1.7327327327327327,C,NA
1.7367367367367368,C,NA
1.7407407407407407,C,NA
1.7447447447447448,C,NA
1.7487487487487487,C,NA
1.7527527527527527,C,NA
1.7567567567567568,C,NA
1.7607607607607607,C,NA
1.7647647647647648,C,NA
1.7687687687687688,C,NA
1.7727727727727727,C,NA
1.7767767767767768,C,NA
1.7807807807807807,C,NA
1.7847847847847849,C,NA
1.7887887887887888,C,NA
1.7927927927927927,C,NA
1.7967967967967968,C,NA
1.8008008008008007,C,NA
1.8048048048048049,C,NA
1.8088088088088088,C,NA
1.8128128128128127,C,NA
1.8168168168168168,C,NA
1.820820820820821,C,NA
1.8248248248248249,C,NA
1.8288288288288288,C,NA
1.8328328328328327,C,NA
1.8368368368368369,C,NA
1.840840840840841,C,NA
1.844844844844845,C,NA
1.8488488488488488,C,NA
1.8528528528528527,C,NA
1.8568568568568569,C,NA
1.860860860860861,C,NA
1.864864864864865,C,NA
1.8688688688688688,C,NA
1.8728728728728727,C,NA
1.8768768768768769,C,NA
1.880880880880881,C,NA
1.884884884884885,C,NA
1.8888888888888888,C,NA
1.8928928928928928,C,NA
1.8968968968968969,C,NA
1.900900900900901,C,NA
1.904904904904905,C,NA
1.9089089089089089,C,NA
1.9129129129129128,C,NA
1.916916916916917,C,NA
1.920920920920921,C,NA
1.924924924924925,C,NA
1.9289289289289289,C,NA
1.9329329329329328,C,NA
1.936936936936937,C,NA
1.940940940940941,C,NA
1.944944944944945,C,NA
1.9489489489489489,C,NA
1.9529529529529528,C,NA
1.956956956956957,C,NA
1.960960960960961,C,NA
1.964964964964965,C,NA
1.968968968968969,C,NA
1.9729729729729728,C,NA
1.976976976976977,C,NA
1.980980980980981,C,NA
1.984984984984985,C,NA
1.988988988988989,C,NA
1.992992992992993,C,NA
1.996996996996997,C,NA
2.001001001001001,C,NA
2.005005005005005,C,NA
2.009009009009009,C,NA
2.013013013013013,C,NA
2.017017017017017,C,NA
2.021021021021021,C,NA
2.025025025025025,C,NA
2.029029029029029,C,NA
2.033033033033033,C,NA
2.037037037037037,C,NA
2.041041041041041,C,NA
2.045045045045045,C,NA
2.049049049049049,C,NA
2.053053053053053,C,NA
2.057057057057057,C,NA
2.061061061061061,C,NA
2.065065065065065,C,NA
2.069069069069069,C,NA
2.073073073073073,C,NA
2.0770770770770772,C,NA
2.081081081081081,C,NA
2.085085085085085,C,NA
2.089089089089089,C,NA
2.093093093093093,C,NA
2.0970970970970972,C,NA
2.101101101101101,C,NA
2.105105105105105,C,NA
2.1091091091091094,C,NA
2.113113113113113,C,NA
2.1171171171171173,C,NA
2.121121121121121,C,NA
2.125125125125125,C,NA
2.1291291291291294,C,NA
2.133133133133133,C,NA
2.1371371371371373,C,NA
2.141141141141141,C,NA
2.145145145145145,C,NA
2.1491491491491495,C,NA
2.153153153153153,C,NA
2.1571571571571573,C,NA
2.161161161161161,C,NA
2.165165165165165,C,NA
2.1691691691691695,C,NA
2.173173173173173,C,NA
2.1771771771771773,C,NA
2.181181181181181,C,NA
2.185185185185185,C,NA
2.1891891891891895,C,NA
2.193193193193193,C,NA
2.1971971971971973,C,NA
2.201201201201201,C,NA
2.205205205205205,C,NA
2.2092092092092095,C,NA
2.213213213213213,C,NA
2.2172172172172173,C,NA
2.2212212212212212,C,NA
2.225225225225225,C,NA
2.2292292292292295,C,NA
2.233233233233233,C,NA
2.2372372372372373,C,NA
2.2412412412412412,C,NA
2.245245245245245,C,NA
2.2492492492492495,C,NA
2.253253253253253,C,NA
2.2572572572572573,C,NA
2.2612612612612613,C,NA
2.265265265265265,C,NA
2.2692692692692695,C,NA
2.273273273273273,C,NA
2.2772772772772774,C,NA
2.2812812812812813,C,NA
2.285285285285285,C,NA
2.2892892892892895,C,NA
2.293293293293293,C,NA
2.2972972972972974,C,NA
2.3013013013013013,C,NA
2.305305305305305,C,NA
2.3093093093093096,C,NA
2.313313313313313,C,NA
2.3173173173173174,C,NA
2.3213213213213213,C,NA
2.325325325325325,C,NA
2.3293293293293296,C,NA
2.333333333333333,C,NA
2.3373373373373374,C,NA
2.3413413413413413,C,NA
2.3453453453453452,C,NA
2.3493493493493496,C,NA
2.353353353353353,C,NA
2.3573573573573574,C,NA
2.3613613613613613,C,NA
2.3653653653653652,C,NA
2.3693693693693696,C,NA
2.373373373373373,C,NA
2.3773773773773774,C,NA
2.3813813813813813,C,NA
2.3853853853853852,C,NA
2.3893893893893896,C,NA
2.393393393393393,C,NA
2.3973973973973974,C,NA
2.4014014014014013,C,NA
2.4054054054054053,C,NA
2.4094094094094096,C,NA
2.413413413413413,C,NA
2.4174174174174174,C,NA
2.4214214214214214,C,NA
2.4254254254254253,C,NA
2.4294294294294296,C,NA
2.433433433433433,C,NA
2.4374374374374375,C,NA
2.4414414414414414,C,NA
2.4454454454454453,C,NA
2.4494494494494496,C,NA
2.453453453453453,C,NA
2.4574574574574575,C,NA
2.4614614614614614,C,NA
2.4654654654654653,C,NA
2.4694694694694697,C,NA
2.4734734734734736,C,NA
2.4774774774774775,C,NA
2.4814814814814814,C,NA
2.4854854854854853,C,NA
2.4894894894894897,C,NA
2.4934934934934936,C,NA
2.4974974974974975,C,NA
2.5015015015015014,C,NA
2.5055055055055053,C,NA
2.5095095095095097,C,NA
2.5135135135135136,C,NA
2.5175175175175175,C,NA
2.5215215215215214,C,NA
2.5255255255255253,C,NA
2.5295295295295297,C,NA
2.5335335335335336,C,NA
2.5375375375375375,C,NA
2.5415415415415414,C,NA
2.5455455455455454,C,NA
2.5495495495495497,C,NA
2.5535535535535536,C,NA
2.5575575575575575,C,NA
2.5615615615615615,C,NA
2.5655655655655654,C,NA
2.5695695695695697,C,NA
2.5735735735735736,C,NA
2.5775775775775776,C,NA
2.5815815815815815,C,NA
2.5855855855855854,C,NA
2.5895895895895897,C,NA
2.5935935935935936,C,NA
2.5975975975975976,C,NA
2.6016016016016015,C,NA
2.6056056056056054,C,NA
2.6096096096096097,C,NA
2.6136136136136137,C,NA
2.6176176176176176,C,NA
2.621621621621622,C,NA
2.6256256256256254,C,NA
2.6296296296296298,C,NA
2.6336336336336337,C,NA
2.6376376376376376,C,NA
2.641641641641642,C,NA
2.6456456456456454,C,NA
2.6496496496496498,C,NA
2.6536536536536537,C,NA
2.6576576576576576,C,NA
2.661661661661662,C,NA
2.6656656656656654,C,NA
2.66966966966967,C,NA
2.6736736736736737,C,NA
2.6776776776776776,C,NA
2.681681681681682,C,NA
2.6856856856856854,C,NA
2.68968968968969,C,NA
2.6936936936936937,C,NA
2.6976976976976976,C,NA
2.701701701701702,C,NA
2.7057057057057055,C,NA
2.70970970970971,C,NA
2.7137137137137137,C,NA
2.7177177177177176,C,NA
2.721721721721722,C,NA
2.7257257257257255,C,NA
2.72972972972973,C,NA
2.7337337337337337,C,NA
2.7377377377377377,C,NA
2.741741741741742,C,NA
2.7457457457457455,C,NA
2.74974974974975,C,NA
2.7537537537537538,C,NA
2.7577577577577577,C,NA
2.761761761761762,C,NA
2.7657657657657655,C,NA
2.76976976976977,C,NA
2.7737737737737738,C,NA
2.7777777777777777,C,NA
2.781781781781782,C,NA
2.7857857857857855,C,NA
2.78978978978979,C,NA
2.7937937937937938,C,NA
2.7977977977977977,C,NA
2.801801801801802,C,NA
2.8058058058058055,C,NA
2.80980980980981,C,NA
2.813813813813814,C,NA
2.8178178178178177,C,NA
2.821821821821822,C,NA
2.8258258258258255,C,NA
2.82982982982983,C,NA
2.833833833833834,C,NA
2.8378378378378377,C,NA
2.841841841841842,C,NA
2.8458458458458455,C,NA
2.84984984984985,C,NA
2.853853853853854,C,NA
2.8578578578578577,C,NA
2.861861861861862,C,NA
2.8658658658658656,C,NA
2.86986986986987,C,NA
2.873873873873874,C,NA
2.8778778778778777,C,NA
2.881881881881882,C,NA
2.8858858858858856,C,NA
2.88988988988989,C,NA
2.893893893893894,C,NA
2.8978978978978978,C,NA
2.901901901901902,C,NA
2.9059059059059056,C,NA
2.90990990990991,C,NA
2.913913913913914,C,NA
2.9179179179179178,C,NA
2.921921921921922,C,NA
2.9259259259259256,C,NA
2.92992992992993,C,NA
2.933933933933934,C,NA
2.937937937937938,C,NA
2.941941941941942,C,NA
2.9459459459459456,C,NA
2.94994994994995,C,NA
2.953953953953954,C,NA
2.957957957957958,C,NA
2.961961961961962,C,NA
2.9659659659659656,C,NA
2.96996996996997,C,NA
2.973973973973974,C,NA
2.977977977977978,C,NA
2.981981981981982,C,NA
2.985985985985986,C,NA
2.98998998998999,C,NA
2.993993993993994,C,NA
2.997997997997998,C,NA
3.002002002002002,C,NA
3.006006006006006,C,NA
3.01001001001001,C,NA
3.014014014014014,C,NA
3.018018018018018,C,NA
3.022022022022022,C,NA
3.026026026026026,C,NA
3.03003003003003,C,NA
3.034034034034034,C,NA
3.038038038038038,C,NA
3.042042042042042,C,NA
3.046046046046046,C,NA
3.05005005005005,C,NA
3.054054054054054,C,NA
3.058058058058058,C,NA
3.062062062062062,C,NA
3.066066066066066,C,NA
3.07007007007007,C,NA
3.074074074074074,C,NA
3.078078078078078,C,NA
3.0820820820820822,C,NA
3.086086086086086,C,NA
3.09009009009009,C,NA
3.094094094094094,C,NA
3.098098098098098,C,NA
3.1021021021021022,C,NA
3.106106106106106,C,NA
3.11011011011011,C,NA
3.114114114114114,C,NA
3.118118118118118,C,NA
3.1221221221221223,C,NA
3.126126126126126,C,NA
3.13013013013013,C,NA
3.134134134134134,C,NA
3.138138138138138,C,NA
3.1421421421421423,C,NA
3.146146146146146,C,NA
3.15015015015015,C,NA
3.154154154154154,C,NA
3.158158158158158,C,NA
3.1621621621621623,C,NA
3.166166166166166,C,NA
3.17017017017017,C,NA
3.174174174174174,C,NA
3.178178178178178,C,NA
3.1821821821821823,C,NA
3.186186186186186,C,NA
3.19019019019019,C,NA
3.194194194194194,C,NA
3.1981981981981984,C,NA
3.2022022022022023,C,NA
3.2062062062062062,C,NA
3.21021021021021,C,NA
3.214214214214214,C,NA
3.2182182182182184,C,NA
3.2222222222222223,C,NA
3.2262262262262262,C,NA
3.23023023023023,C,NA
3.234234234234234,C,NA
3.2382382382382384,C,NA
3.2422422422422423,C,NA
3.2462462462462462,C,NA
3.25025025025025,C,NA
3.254254254254254,C,NA
3.2582582582582584,C,NA
3.2622622622622623,C,NA
3.2662662662662663,C,NA
3.27027027027027,C,NA
3.274274274274274,C,NA
3.2782782782782784,C,NA
3.2822822822822824,C,NA
3.2862862862862863,C,NA
3.29029029029029,C,NA
3.294294294294294,C,NA
3.2982982982982985,C,NA
3.3023023023023024,C,NA
3.3063063063063063,C,NA
3.31031031031031,C,NA
3.314314314314314,C,NA
3.3183183183183185,C,NA
3.3223223223223224,C,NA
3.3263263263263263,C,NA
3.33033033033033,C,NA
3.334334334334334,C,NA
3.3383383383383385,C,NA
3.3423423423423424,C,NA
3.3463463463463463,C,NA
3.3503503503503502,C,NA
3.354354354354354,C,NA
3.3583583583583585,C,NA
3.3623623623623624,C,NA
3.3663663663663663,C,NA
3.3703703703703702,C,NA
3.374374374374374,C,NA
3.3783783783783785,C,NA
3.3823823823823824,C,NA
3.3863863863863863,C,NA
3.3903903903903903,C,NA
3.394394394394394,C,NA
3.3983983983983985,C,NA
3.4024024024024024,C,NA
3.4064064064064064,C,NA
3.4104104104104103,C,NA
3.414414414414414,C,NA
3.4184184184184185,C,NA
3.4224224224224224,C,NA
3.4264264264264264,C,NA
3.4304304304304303,C,NA
3.4344344344344346,C,NA
3.4384384384384385,C,NA
3.4424424424424425,C,NA
3.4464464464464464,C,NA
3.4504504504504503,C,NA
3.4544544544544546,C,NA
3.4584584584584586,C,NA
3.4624624624624625,C,NA
3.4664664664664664,C,NA
3.4704704704704703,C,NA
3.4744744744744747,C,NA
3.4784784784784786,C,NA
3.4824824824824825,C,NA
3.4864864864864864,C,NA
3.4904904904904903,C,NA
3.4944944944944947,C,NA
3.4984984984984986,C,NA
3.5025025025025025,C,NA
3.5065065065065064,C,NA
3.5105105105105103,C,NA
3.5145145145145147,C,NA
3.5185185185185186,C,NA
3.5225225225225225,C,NA
3.5265265265265264,C,NA
3.5305305305305303,C,NA
3.5345345345345347,C,NA
3.5385385385385386,C,NA
3.5425425425425425,C,NA
3.5465465465465464,C,NA
3.5505505505505504,C,NA
3.5545545545545547,C,NA
3.5585585585585586,C,NA
3.5625625625625625,C,NA
3.5665665665665665,C,NA
3.5705705705705704,C,NA
3.5745745745745747,C,NA
3.5785785785785786,C,NA
3.5825825825825826,C,NA
3.5865865865865865,C,NA
3.5905905905905904,C,NA
3.5945945945945947,C,NA
3.5985985985985987,C,NA
3.6026026026026026,C,NA
3.6066066066066065,C,NA
3.6106106106106104,C,NA
3.6146146146146148,C,NA
3.6186186186186187,C,NA
3.6226226226226226,C,NA
3.6266266266266265,C,NA
3.6306306306306304,C,NA
3.6346346346346348,C,NA
3.6386386386386387,C,NA
3.6426426426426426,C,NA
3.6466466466466465,C,NA
3.6506506506506504,C,NA
3.6546546546546548,C,NA
3.6586586586586587,C,NA
3.6626626626626626,C,NA
3.6666666666666665,C,NA
3.6706706706706704,C,NA
3.674674674674675,C,NA
3.6786786786786787,C,NA
3.6826826826826826,C,NA
3.6866866866866865,C,NA
3.6906906906906904,C,NA
3.694694694694695,C,NA
3.6986986986986987,C,NA
3.7027027027027026,C,NA
3.7067067067067065,C,NA
3.710710710710711,C,NA
3.714714714714715,C,NA
3.7187187187187187,C,NA
3.7227227227227226,C,NA
3.7267267267267266,C,NA
3.730730730730731,C,NA
3.734734734734735,C,NA
3.7387387387387387,C,NA
3.7427427427427427,C,NA
3.7467467467467466,C,NA
3.750750750750751,C,NA
3.754754754754755,C,NA
3.7587587587587588,C,NA
3.7627627627627627,C,NA
3.7667667667667666,C,NA
3.770770770770771,C,NA
3.774774774774775,C,NA
3.7787787787787788,C,NA
3.7827827827827827,C,NA
3.7867867867867866,C,NA
3.790790790790791,C,NA
3.794794794794795,C,NA
3.798798798798799,C,NA
3.8028028028028027,C,NA
3.8068068068068066,C,NA
3.810810810810811,C,NA
3.814814814814815,C,NA
3.818818818818819,C,NA
3.8228228228228227,C,NA
3.8268268268268266,C,NA
3.830830830830831,C,NA
3.834834834834835,C,NA
3.838838838838839,C,NA
3.8428428428428427,C,NA
3.8468468468468466,C,NA
3.850850850850851,C,NA
3.854854854854855,C,NA
3.858858858858859,C,NA
3.8628628628628627,C,NA
3.8668668668668666,C,NA
3.870870870870871,C,NA
3.874874874874875,C,NA
3.878878878878879,C,NA
3.8828828828828827,C,NA
3.8868868868868867,C,NA
3.890890890890891,C,NA
3.894894894894895,C,NA
3.898898898898899,C,NA
3.9029029029029028,C,NA
3.9069069069069067,C,NA
3.910910910910911,C,NA
3.914914914914915,C,NA
3.918918918918919,C,NA
3.9229229229229228,C,NA
3.9269269269269267,C,NA
3.930930930930931,C,NA
3.934934934934935,C,NA
3.938938938938939,C,NA
3.942942942942943,C,NA
3.946946946946947,C,NA
3.950950950950951,C,NA
3.954954954954955,C,NA
3.958958958958959,C,NA
3.962962962962963,C,NA
3.966966966966967,C,NA
3.970970970970971,C,NA
3.974974974974975,C,NA
3.978978978978979,C,NA
3.982982982982983,C,NA
3.986986986986987,C,NA
3.990990990990991,C,NA
3.994994994994995,C,NA
3.998998998998999,C,NA
4.003003003003003,C,NA
4.007007007007007,C,NA
4.011011011011011,C,NA
4.015015015015015,C,NA
4.019019019019019,C,NA
4.023023023023023,C,NA
4.027027027027027,C,NA
4.031031031031031,C,NA
4.035035035035035,C,NA
4.039039039039039,C,NA
4.043043043043043,C,NA
4.047047047047047,C,NA
4.051051051051051,C,NA
4.055055055055055,C,NA
4.059059059059059,C,NA
4.063063063063063,C,NA
4.067067067067067,C,NA
4.071071071071071,C,NA
4.075075075075075,C,NA
4.079079079079079,C,NA
4.083083083083083,C,NA
4.087087087087087,C,NA
4.091091091091091,C,NA
4.095095095095095,C,NA
4.099099099099099,C,NA
4.103103103103103,C,NA
4.107107107107107,C,NA
4.111111111111111,C,NA
4.115115115115115,C,NA
4.119119119119119,C,NA
4.123123123123123,C,NA
4.127127127127127,C,NA
4.131131131131131,C,NA
4.135135135135135,C,NA
4.1391391391391394,C,NA
4.143143143143143,C,NA
4.147147147147147,C,NA
4.151151151151151,C,NA
4.155155155155155,C,NA
4.1591591591591595,C,NA
4.163163163163163,C,NA
4.167167167167167,C,NA
4.171171171171171,C,NA
4.175175175175175,C,NA
4.1791791791791795,C,NA
4.183183183183183,C,NA
4.187187187187187,C,NA
4.191191191191191,C,NA
4.195195195195195,C,NA
4.1991991991991995,C,NA
4.203203203203203,C,NA
4.207207207207207,C,NA
4.211211211211211,C,NA
4.215215215215215,C,NA
4.2192192192192195,C,NA
4.223223223223224,C,NA
4.227227227227227,C,NA
4.231231231231231,C,NA
4.235235235235235,C,NA
4.2392392392392395,C,NA
4.243243243243244,C,NA
4.247247247247247,C,NA
4.251251251251251,C,NA
4.255255255255255,C,NA
4.2592592592592595,C,NA
4.263263263263264,C,NA
4.267267267267267,C,NA
4.271271271271271,C,NA
4.275275275275275,C,NA
4.2792792792792795,C,NA
4.283283283283284,C,NA
4.287287287287287,C,NA
4.291291291291291,C,NA
4.295295295295295,C,NA
4.2992992992992995,C,NA
4.303303303303304,C,NA
4.307307307307307,C,NA
4.311311311311311,C,NA
4.315315315315315,C,NA
4.31931931931932,C,NA
4.323323323323324,C,NA
4.327327327327327,C,NA
4.331331331331331,C,NA
4.335335335335335,C,NA
4.33933933933934,C,NA
4.343343343343344,C,NA
4.347347347347347,C,NA
4.351351351351351,C,NA
4.355355355355355,C,NA
4.35935935935936,C,NA
4.363363363363364,C,NA
4.367367367367367,C,NA
4.371371371371371,C,NA
4.375375375375375,C,NA
4.37937937937938,C,NA
4.383383383383384,C,NA
4.387387387387387,C,NA
4.391391391391391,C,NA
4.395395395395395,C,NA
4.3993993993994,C,NA
4.403403403403404,C,NA
4.407407407407407,C,NA
4.411411411411411,C,NA
4.415415415415415,C,NA
4.41941941941942,C,NA
4.423423423423424,C,NA
4.4274274274274275,C,NA
4.431431431431431,C,NA
4.435435435435435,C,NA
4.43943943943944,C,NA
4.443443443443444,C,NA
4.4474474474474475,C,NA
4.451451451451451,C,NA
4.455455455455455,C,NA
4.45945945945946,C,NA
4.463463463463464,C,NA
4.4674674674674675,C,NA
4.471471471471471,C,NA
4.475475475475475,C,NA
4.47947947947948,C,NA
4.483483483483484,C,NA
4.4874874874874875,C,NA
4.491491491491491,C,NA
4.495495495495495,C,NA
4.4994994994995,C,NA
4.503503503503504,C,NA
4.5075075075075075,C,NA
4.511511511511511,C,NA
4.515515515515515,C,NA
4.51951951951952,C,NA
4.523523523523524,C,NA
4.5275275275275275,C,NA
4.531531531531531,C,NA
4.535535535535535,C,NA
4.53953953953954,C,NA
4.543543543543544,C,NA
4.5475475475475475,C,NA
4.551551551551551,C,NA
4.555555555555555,C,NA
4.55955955955956,C,NA
4.563563563563564,C,NA
4.5675675675675675,C,NA
4.571571571571571,C,NA
4.575575575575575,C,NA
4.57957957957958,C,NA
4.583583583583584,C,NA
4.5875875875875876,C,NA
4.591591591591591,C,NA
4.595595595595595,C,NA
4.5995995995996,C,NA
4.603603603603604,C,NA
4.607607607607608,C,NA
4.611611611611611,C,NA
4.615615615615615,C,NA
4.61961961961962,C,NA
4.623623623623624,C,NA
4.627627627627628,C,NA
4.631631631631631,C,NA
4.635635635635635,C,NA
4.63963963963964,C,NA
4.643643643643644,C,NA
4.647647647647648,C,NA
4.651651651651651,C,NA
4.655655655655655,C,NA
4.65965965965966,C,NA
4.663663663663664,C,NA
4.667667667667668,C,NA
4.671671671671671,C,NA
4.675675675675675,C,NA
4.67967967967968,C,NA
4.683683683683684,C,NA
4.687687687687688,C,NA
4.691691691691691,C,NA
4.6956956956956954,C,NA
4.6996996996997,C,NA
4.703703703703704,C,NA
4.707707707707708,C,NA
4.711711711711711,C,NA
4.7157157157157155,C,NA
4.71971971971972,C,NA
4.723723723723724,C,NA
4.727727727727728,C,NA
4.731731731731731,C,NA
4.7357357357357355,C,NA
4.73973973973974,C,NA
4.743743743743744,C,NA
4.747747747747748,C,NA
4.751751751751751,C,NA
4.7557557557557555,C,NA
4.75975975975976,C,NA
4.763763763763764,C,NA
4.767767767767768,C,NA
4.771771771771771,C,NA
4.7757757757757755,C,NA
4.77977977977978,C,NA
4.783783783783784,C,NA
4.787787787787788,C,NA
4.791791791791791,C,NA
4.7957957957957955,C,NA
4.7997997997998,C,NA
4.803803803803804,C,NA
4.807807807807808,C,NA
4.811811811811811,C,NA
4.8158158158158155,C,NA
4.81981981981982,C,NA
4.823823823823824,C,NA
4.827827827827828,C,NA
4.831831831831831,C,NA
4.8358358358358355,C,NA
4.83983983983984,C,NA
4.843843843843844,C,NA
4.847847847847848,C,NA
4.851851851851851,C,NA
4.8558558558558556,C,NA
4.85985985985986,C,NA
4.863863863863864,C,NA
4.867867867867868,C,NA
4.871871871871871,C,NA
4.875875875875876,C,NA
4.87987987987988,C,NA
4.883883883883884,C,NA
4.887887887887888,C,NA
4.891891891891891,C,NA
4.895895895895896,C,NA
4.8998998998999,C,NA
4.903903903903904,C,NA
4.907907907907908,C,NA
4.911911911911911,C,NA
4.915915915915916,C,NA
4.91991991991992,C,NA
4.923923923923924,C,NA
4.927927927927928,C,NA
4.931931931931931,C,NA
4.935935935935936,C,NA
4.93993993993994,C,NA
4.943943943943944,C,NA
4.947947947947948,C,NA
4.951951951951951,C,NA
4.955955955955956,C,NA
4.95995995995996,C,NA
4.963963963963964,C,NA
4.967967967967968,C,NA
4.971971971971972,C,NA
4.975975975975976,C,NA
4.97997997997998,C,NA
4.983983983983984,C,NA
4.987987987987988,C,NA
4.991991991991992,C,NA
4.995995995995996,C,NA
5,C,NA
