x1,x2,x3,x4,x5,x6,t
0.7468963951824047,-0.6549869729174382,1.0206255829595159,-0.37489598088243287,0.883342941481912,-0.5714648427824933,0.7927288418023988
-0.30615582266819075,-0.7095149912810313,0.12195702054320155,-0.0344806864359363,0.06027129449740795,-0.12349876090378681,-1.4410155644540612
-0.7938543289129733,-0.8957293395933027,-0.3404985450947543,0.09810596962699603,-0.14387781597734906,0.17574833685866023,-1.1495080681322336
-0.30512133286277665,-0.4296694055882572,-0.043541529015764024,0.020879516432591817,0.01675148611404601,0.04140385898088923,-1.3176933511654039
-0.734036522923892,-0.409117752640819,-0.3692105056228207,0.042891013767214464,-0.3897296255872755,0.29713009472744495,-0.7642571986665234
-1.1231084170766685,1.4309313741670282,-1.7768022946660333,0.6519031802626862,-1.7801244345797007,0.9340050295200844,9.767817192683385
0.49725969940416254,-0.9135508736517444,0.9413269546767039,-0.2658670358337989,0.9432269876140197,-0.4661718753035713,0.27977837050812626
0.06533862813125234,1.6223461203648966,-0.7170894042230306,0.17580413424945168,-0.743179539880842,0.3820360857903935,1.5702151432137577
0.5413133403205946,-1.0464235688709127,1.0112887700810491,-0.3043261054316754,1.0318213183060796,-0.6141405514411287,0.561148313859798
0.0631038219074519,0.6408532497778836,-0.31274211077596736,0.08302655661207332,-0.30164583659005745,0.18937244976687231,2.314434116352102
0.3384649082690953,0.017272334750590156,0.21758156763509034,-0.13794470797816177,0.28054543999748977,-0.14113551811402192,0.5778331773264249
-1.5901687445398924,-1.7648747623002725,-0.38604523628322396,0.22510917557112742,-0.37858227089198976,0.2052764931679783,1.957509445819698
0.3804089476701821,-0.18488651394991185,0.43229473858663126,-0.15773765349211136,0.4428076755970895,-0.2385231793261652,0.2593769060414341
0.3972352704939974,1.6973820808986348,-0.5423108487209927,0.19292546226818125,-0.6074569044085453,0.2956521328521018,0.6313871186316576
1.2857613087504418,1.241888169076338,0.38694041258000084,-0.28123350296436717,0.31114956732107596,-0.26019582746952097,2.937576327066197
1.431520505486161,0.33409873547179975,1.048401704690093,-0.508727738049662,1.065114389402509,-0.6182633066834047,5.9667146857437965
-0.33271985018340433,-0.24927353241861533,-0.13959068177371134,0.08540778708585753,-0.1453018474675087,0.1368339143692664,-1.0745386945416742
-0.8278945908284769,0.41179121387615597,-0.9359167035775701,0.32933223879908735,-0.9512149024970176,0.5347309660099768,4.339314522872202
-0.0064253333392361445,0.6756454838880724,-0.3905427122519365,0.14558721745123665,-0.32788261129305313,0.10840350717899641,1.8356829767979468
0.1846547552040751,-0.898396691023626,0.7858800900051252,-0.2362809565502415,0.6596381522329617,-0.37597196649191683,-1.10130658376482
0.2443612104465773,0.8542019772301103,-0.34842294361989207,0.08994863059779476,-0.23948205964198654,0.14268757935403725,1.957505814672318
-1.5350128720423182,-2.5169941547864925,0.002832971820585936,0.17164387956883806,-0.010818905506836313,0.0920324752760017,2.7681271038264317
-0.5144510262552544,0.3726791319954442,-0.7060524791964722,0.26365719565857676,-0.669143155680782,0.34262690738675117,2.174334886961609
0.6620393942509825,0.07558940284122538,0.6318059976413755,-0.2383990501711443,0.5285315477725772,-0.37369359575830347,2.036280315513575
-0.19578324902136615,0.4059015290044726,-0.31873506765144677,0.13343274385491005,-0.4589660858646961,0.1978001847588085,1.7774518907962882
-0.13611353814178,0.4157956403472705,-0.1264723637503451,0.03172830753857808,-0.23263988576995917,0.13992398873273357,0.7873932135735553
-0.5228365446402718,-1.3438560973847191,0.2548427751270276,-0.022428265241941196,0.16390455650560481,-0.06839533756391523,-0.7314609048546233
0.10037823759935177,0.27735800471132543,-0.08518928854664565,-0.08245765264794352,-0.027808383848981624,-0.011806383439417515,0.5488563493341433
0.8322521618026627,0.7307013417224991,0.18044603179427843,-0.13212356022504312,0.2124993121437101,-0.20808513488075803,2.4149207169561966
0.6570768246696094,0.6063350457623425,0.27144113057379565,-0.1371110335488096,0.19389460190395,-0.17546208205813027,2.1385303897512093
-0.8571760166938093,-0.33626279812175297,-0.6278580164460587,0.30315912990889937,-0.592981622817684,0.41816798217189916,0.762309395124023
0.22279802179133676,0.872072803689851,-0.29284640096544157,0.00413751006442338,-0.2530558800350394,0.1015201209432381,2.3101571128714915
-0.2159209075704186,-1.2872300925373912,0.4757983009891535,-0.09421006866691999,0.48302870554670513,-0.2680854012213612,-1.1458924446542227
1.4749020458092243,0.0020178720902437894,1.331105796160614,-0.5870426023256422,1.2906812928001319,-0.6554231951949809,6.865411570579995
0.8592541199855704,0.6590627921116068,0.33975628008158093,-0.2248838453547123,0.2937572573779835,-0.2270208669520746,3.2011422525143125
0.8044385086333143,0.9546215144267033,0.003501689760093407,-0.09743677438709424,-0.019706224605393105,-0.13747578724297538,1.7133862429531201
0.07290329431027623,-1.6755194490247496,1.0336723937732983,-0.381992891239587,0.9584097897752114,-0.486172388245684,0.8419041579650627
0.9139853700808076,0.5318217666785731,0.5996427154338195,-0.3138823513828463,0.5872521301585938,-0.3535494330398498,3.986160637279126
-0.8202981496405584,-0.6567446974336946,-0.2768315746856083,0.1608459844438258,-0.3212816217346314,0.21270454714683365,-1.3020156590683805
0.22372133146466536,0.12095554696095338,0.033938008952066626,-0.12430364439695372,0.11508431402212113,0.0709061230560279,-0.26424833339673026
1.1514019680577106,0.2816062018952877,0.8128110783227701,-0.37585151094422475,0.808400387771367,-0.5517208924884031,3.69466671926453
0.33919541570647604,-0.9114326060631242,0.825557572866608,-0.3693307690302929,0.9293064595324636,-0.48036792325525685,-0.1827159964816436
-0.5660126080001213,-1.516885773274491,0.4420190177718292,-0.05930693957507309,0.44430670600836286,-0.14775458070542524,-0.44194150981558955
-0.8550075372051927,-0.43605699799076614,-0.5507495736116038,0.2824888928850391,-0.4345529921055955,0.34907423783381214,-0.9727554032444177
0.9124399564357378,0.1591275390540477,0.7239942019975878,-0.3317850004664895,0.6681535707005657,-0.37955746594302875,3.3006249449071725
-0.35663312201090375,1.3717793414589539,-1.1397682166300296,0.31417001837500613,-1.1438097781472825,0.6278866418548089,3.5406837733375967
-0.1096133329112986,-0.9307877380721069,0.33152938664044995,-0.05752673743816303,0.3904963408389462,-0.16138687091923543,-1.5842886352403305
1.1786377581764098,0.4376362107200371,0.7326100171924677,-0.34138618274968113,0.7256916539300668,-0.5041081703880296,4.231372390629462
0.35948354169966984,1.5788950147349838,-0.6088161979533023,0.07686771308983614,-0.5323108032109072,0.27700349888035514,1.6605163856689225
-0.9893674628586384,-0.22382372669741135,-0.7562844244941906,0.22276678943500117,-0.7134538308458427,0.4177271158480164,0.9888276685073001
0.14111588591085406,0.12389988651582984,0.11212284204076489,-0.05581305729347229,0.14994215086944637,-0.03961171525703513,-0.12427114082041044
-0.06398263927186389,0.6126966255598358,-0.46329980676909593,0.23430388717434536,-0.5198854645693956,0.2147678308441502,2.443444892811969
0.5204396043338294,0.833964341691322,0.029559295901972857,-0.05379131088270492,-0.05860984096440876,-0.02567980720486733,1.8655577047063046
0.2577875327544113,0.730021275413003,0.04306505368116506,-0.032210628261714704,-0.10211594662147133,0.11870683649206867,2.0266319434183186
-0.3745991498871423,1.4155296798119315,-1.1486566761666066,0.4483382449325153,-1.0826971347509566,0.6417697442615042,3.9342846717953406
-1.0697792235393055,-1.3448329546694384,-0.15991034872885998,0.128040653269992,-0.16769858426427844,0.07198504799510355,-0.7656336209555198
0.4309531711084311,-0.7096842183764378,0.7127161238570839,-0.2865188155459979,0.705852227777329,-0.46686122397726726,-0.3996372195959053
-1.279107613842661,0.7674414031814761,-1.5875658000215707,0.5374813550106606,-1.4801666681624452,0.9002789241997087,10.1843073785284
0.41602604709186536,-0.3510803638226814,0.5627364628369629,-0.13692590808852473,0.5717115405974037,-0.34734520360175924,-0.08684783510492994
-0.4190240595775,0.05740082521839448,-0.445060546755137,0.189309113449427,-0.42418931671235044,0.2975998897234864,0.3007134192301681
-0.3060756919348351,-0.27444104322078905,-0.1938394854900259,0.07053972626326771,-0.14919749674096883,0.11801588943406946,-0.6464131471549649
0.08087873269110217,-0.06421078655980576,0.07193399344735575,-0.00042096741890281994,0.11464050198634892,-0.05369752883398893,0.5784161127121183
-0.536207307042286,-1.0708027617726152,0.1202273670326988,-0.007488956463316744,0.1335654216384767,-0.020568085426959464,-1.8189621759975119
0.4234547264661033,0.8293566418649319,-0.10725800573255763,-0.000274508037748436,-0.12966272157465486,-0.06771759081357448,2.026269704002009
-0.5408944478345665,-0.08484136796589305,-0.3179328897350554,0.27968298380539375,-0.46114241053711885,0.26737860570365724,0.1359642515064959
0.7159938958757429,0.6256933584365765,0.23851456710377256,-0.04963085551727664,0.2858689725563109,-0.24407440701870747,2.724656282378097
-0.07425381060643786,-1.7234016510433834,0.8779330401083226,-0.2505073002358354,0.8765676346763828,-0.44577606302972894,0.8583215125456174
0.3292177622613112,1.4053424259994092,-0.5247356239345788,0.0767361686419597,-0.5416638978562802,0.30084023056079373,1.675671881247863
-0.5866575922780756,1.1277435422851325,-1.0802064423232294,0.39056055878890494,-1.1184398851883974,0.6776838618325945,4.982244723533411
-0.36924160528736216,-0.9331830821531439,0.3197359320405934,-0.1460314167132752,0.15387932742914645,-0.07587726537730208,-1.2203722944189406
-0.886112074493536,0.18981154744984932,-0.9176695243336904,0.4310708620111932,-1.035090030140263,0.6153720511818304,3.348639189248163
-0.19796584829115035,-0.6266722030967908,0.12842246041173283,0.014809400980301372,0.16941386909432343,0.022437701333077695,-2.1849513487618446
-0.5755131684999253,0.7878368081590157,-0.9189601991617344,0.26504533138726777,-0.8991229930163702,0.5369254540624642,4.185546010480837
-1.1360459761585575,-1.5587144330694018,-0.19809309503777106,0.18658487607045574,-0.2157405522036769,0.11799789512296915,0.37982705055582705
-0.31863988216007,0.04916843324330011,-0.3775244226060372,0.13181826287240486,-0.25463946573534596,0.1682289765003522,0.6787185261395863
-0.5083331760251735,-0.01770740571895152,-0.4256182824530678,0.1863697191694608,-0.48992159172820865,0.21214111908146838,0.7833375381734529
0.6168628727493191,0.1672936265878356,0.4326639264163792,-0.13071161213635937,0.3856746995548259,-0.2584451049994674,1.5839562358475079
0.6398538367292413,1.573362517745721,-0.2981328844610413,0.03886679254200681,-0.24490608251671636,0.12737677657409976,0.9510257123481514
1.417299953533841,1.045670858225153,0.6473130327652248,-0.33117101743782007,0.5656313854019537,-0.4732457584548549,4.799898619658399
1.1306365327805832,0.1927420895118414,0.9224266835754563,-0.29669685515659466,0.8434845489211898,-0.6165873787608872,3.9509572562313013
-0.22530849990669788,0.8249122787404934,-0.61974098824459,0.20220375706918367,-0.5755431786312729,0.2709789094445072,2.6821472117180667
-0.3657476835710552,-1.114662784118461,0.3002007271560048,-0.04624695212353881,0.33120850449107486,-0.0899268441866827,-1.5405386235297525
-0.7967794969132157,-0.7310278420824003,-0.3571267951194317,0.21902489796404565,-0.43832171804774955,0.2508230173988025,-1.0518571514106017
-0.3610848814157556,-0.5826849968597007,0.016939597647970546,0.04745501741597272,0.06928993278794023,0.0246170364771175,-1.1287405297825512
-0.23617104031503447,-1.8558304293727286,0.6858161673517021,-0.1817325771931494,0.7469617643512325,-0.3699060024455971,1.0611436103166287
-2.0933641305309596,-0.8842304307562653,-1.3867935544132053,0.6708041380400399,-1.3030467187123465,0.7868810003937757,6.702595032978033
-1.0310884728089993,-0.40580927758802743,-0.6182863024825176,0.2871389068430437,-0.6397022692335644,0.4030894867804155,0.528756758328155
-0.5839737870573565,-1.457731034164279,0.12218295540752286,0.0018868575482213282,0.17622203553628296,-0.10472335498779739,-1.0807882452166389
0.6749436704163925,1.7751748318176037,-0.30599724059409916,0.024471673032674765,-0.31494015971866823,0.10796344380987125,0.16417951730120156
-1.2098910049407134,-0.3099080359519588,-0.8531688384557367,0.3575229878193153,-0.8166321893774635,0.4238504019169407,1.7435573507187385
0.21886880804054262,0.02863308583586635,0.15737098874080802,-0.07683983288272715,0.09491180640750524,-0.10216818482473426,0.873601086337652
-0.9069959353941957,-0.1147820372965409,-0.8395955384611891,0.33013756647611553,-0.7363008261943654,0.3976039707288717,1.345170064185641
-0.379908436868198,-0.048166632440868606,-0.29867465990620423,0.1863207932343785,-0.33130146773954,0.17554136355722189,0.051631848288829774
0.8759306523677247,0.1746190619495976,0.6847019756317878,-0.3126317780502383,0.6732833175149227,-0.40386498266408727,3.278492538810407
-0.9826564804145308,-1.0213732275065825,-0.23173598790757688,0.1756784740417155,-0.30399948891199924,0.12240062091953373,-1.3991980052083766
-0.13194285195583572,1.0900545200705927,-0.8134388987572755,0.3291083243473611,-0.7470711130949438,0.3301957691768818,3.0942556663026006
-0.64780483242955,-1.0092711090710684,-0.0697527189774604,0.17222407744332335,-0.04726748206514721,0.17156115086221096,-1.4086509037757822
-0.115573607968772,1.3281428283860004,-0.7641969671510718,0.14352566275046955,-0.7004038067882877,0.4857772627966395,2.535506404651327
-0.3053954242028802,1.1544099368200567,-0.9507670349625226,0.40216101634523216,-0.9177803325614615,0.43107723865463193,3.6850081183816736
0.5719594091854865,0.71396452713467,0.10578399849228297,-0.24190189908307608,0.05970504414073193,-0.14884513114735992,2.080219018875234
-1.3189304062443545,-0.0033370788345071303,-1.1477986550269754,0.5415406561181694,-1.189888599245856,0.7109605983150902,4.905566840262375
-0.06401586751889511,0.021236028286658534,-0.15290628533756034,0.0041856585020216795,-0.10094597013203715,0.011935388206150165,0.09005457536078748
-0.3660138214747914,0.39088589683094227,-0.5488384006994496,0.0681700618934001,-0.5353562533430942,0.18395550904794522,1.5173506124768747
0.9759621329766393,0.1352858514899362,0.8881021109768674,-0.35081331607284666,0.8443491859606653,-0.41714379951149794,3.836264925123081
-0.1841993541036987,1.1998434478015627,-0.8179407845922761,0.212515721503637,-0.6289062672433663,0.36365181967621324,2.676113516902691
-1.0904757745375617,-1.781082126331253,-0.08291821664159232,0.24806789410819818,-0.12477751979340179,0.11827949967718476,0.3845355233046875
0.07534062191864303,-0.4891452603168067,0.3286853230779877,-0.04700705081254376,0.27858750726650355,-0.24777390630581997,-0.48778445035463414
-0.3686454939688975,0.03748871788648703,-0.44002825232665455,0.11773461003679417,-0.35497746555866755,0.18439917405790987,0.34955008253891906
-0.20100736114768586,0.299569795106311,-0.39006117575153376,0.13171934559315063,-0.37594509941798704,0.08953338504429642,1.1380342351555173
-0.33186129877811216,0.5696763702987039,-0.7169268174059376,0.2016148848556546,-0.5490926113943625,0.2823210357755992,2.7982705777905275
-0.5980892478646643,-0.5356410925001711,-0.2887069907725251,0.17454439552786133,-0.1753395467031407,0.2511018319504475,-1.280183417961856
0.7711719199118384,0.9020033723548453,0.14614692224377926,-0.0488665002465485,0.10631545711971391,-0.11237894358213499,2.343259769520748
0.46180413668241255,1.0305745687394043,-0.18950225353423988,0.12349908760426928,-0.2357798933952849,0.09918676198586317,1.8641111967593218
1.2739155704311496,1.1105231182451565,0.764015956397651,-0.44462025872752314,0.6910022393009476,-0.517203118242983,4.357062459904302
-0.5469027866305968,-1.4830650640349088,0.24457978591232213,0.07092641064294625,0.2134852572556389,-0.07588692444755361,-1.1128871761925865
0.07983954143375079,-0.6918326431271006,0.24117997304835412,-0.14194310235532304,0.3791572983928523,-0.1317800279560452,-1.327558016638276
-0.6496845812178301,-0.11360399320643737,-0.6045954918246353,0.20045765054356515,-0.5342469929270849,0.33355491080472643,0.6449468290219553
-0.5814026029993066,0.3875474060354912,-0.7624997023022886,0.21683125467865075,-0.6980441563226822,0.40397597660346835,3.0151749415799443
-0.7230610319629368,-0.7990669191450884,-0.1843979814992068,0.03535116961509757,-0.24915732520967787,0.09128481452543274,-1.1347639695178149
0.6348067107283669,-0.7300246348082524,1.127188412695947,-0.5439256619669619,1.1045719981424889,-0.6110672828133445,1.2763236335047232
0.39045219452329283,1.7495980974485041,-0.6233466751375223,0.05796983690250483,-0.5450825732566714,0.26357942521964534,0.7210242909463888
0.5908738231598659,-0.15751075352496338,0.5607907785272314,-0.2150039129152413,0.5900363502916088,-0.316401961918006,1.2499435426947894
0.09183898300789045,1.0330364232187301,-0.407418083612935,0.16712479191325896,-0.38543272035312515,0.23552644689480565,2.218663727089961
0.31212988199663577,0.8579259824591994,-0.25614928463162473,0.01637656179505674,-0.24238507342833213,0.09912523356944539,1.9932560503539734
-0.12288589993215844,-1.7855787524830602,0.8802632904528545,-0.16222774194436734,0.8124252109758966,-0.5055491830213967,1.2723043444256439
0.10786588391552654,-1.648311974760933,0.967024927535724,-0.27723204924192535,0.9027571367649161,-0.5166253194949448,0.7544354987014457
-0.7308283110324447,-0.31958445681546144,-0.44965977941909485,0.1847143361903302,-0.43565133278539203,0.19029501370311164,0.313783161263828
-1.0398436280713192,0.3844388941652373,-1.1955990599159994,0.43470508033318067,-1.098054479026649,0.6548738230508682,5.682077174518621
-0.31859631765593344,-0.9871221181440973,0.17098467207261334,-0.02720974597025566,0.16928273469591334,-0.13104869047372109,-2.018463452713342
-0.811594188556723,-1.4871478621120064,0.10829912282035714,0.024012327872391902,0.05721295223682397,-0.05075248392384436,-0.6722913094907512
0.31389352355932243,-0.017551098936957325,0.26861637022855195,-0.15193129141589762,0.285446082421348,-0.1498855608415089,0.16198693143658363
0.6638193820414938,1.1188364601465073,-0.014821147544129228,-0.09340848644671114,-0.12370418237206879,-0.014734209885765407,2.0141813465275202
0.28720352384215536,-1.6116374185223117,1.1596566653012634,-0.2734722197062189,1.146318322953729,-0.6387717080478534,1.7735245088382423
0.514470388098658,1.4769274049490726,-0.21015777799057775,0.04776231210810723,-0.31829285364010446,0.21093170158669983,0.8386826154003428
0.6986823153358951,2.13950666447057,-0.5146372754716904,0.04556057484759976,-0.4686994357102625,0.1624079874730828,-1.2450375591398837
0.3829506996365736,0.32909360260728177,0.15409893660502977,-0.05759686536854293,0.12916294784861065,-0.11011395031914879,1.3308984615054982
0.3814198703549316,1.1532064868438716,-0.2962405474471413,0.01791347113075947,-0.14986114136218076,0.05975970722526877,1.8081346274298729
0.4443532949841518,0.5652335207875986,0.12495285582309826,0.07885256058300327,0.04502961398168092,-0.1212823587153134,2.058231649642851
-0.7830766166337761,0.05526211243700798,-0.7025121692008791,0.27820277847558605,-0.7681327290706652,0.3599922620821413,1.7476253658921
-0.20726008686943218,-0.6307156213563405,0.12533582513344269,-0.1147857119781202,0.1805872564032101,-0.06260840323789485,-1.8293113372088092
-0.5661908992944159,-0.6249049803147788,-0.028131332669889902,0.0904659400310382,0.019156052898972774,0.13386292684473022,-2.312295779750099
-0.6961353342791486,-0.16697628160834999,-0.41708065378131753,0.09989917169799119,-0.4930058924293106,0.20264853596660926,0.3091160601700358
-0.07713183935276817,0.12515630042610995,-0.15560174269989102,0.03459341796545476,-0.20758462097654623,0.09893410627668775,0.4433151155201629
-0.07063953880215895,0.26720092435264314,-0.29219410279966823,0.1185418613872668,-0.18963903514961702,0.12168085766658543,1.4623109364205407
1.2953788011938774,0.6069173467241776,0.860763336563155,-0.3775490418495526,0.8389912282083981,-0.4387065095853405,4.8440133693429805
0.22439195126456707,0.36222897126327946,0.03130275050401114,-0.06909911701328753,0.13369592444736778,-0.047520364618899795,0.9769074492694941
-1.0361652538199024,0.4491722518126106,-1.1940041896529388,0.39714936515107885,-1.0427808472745628,0.58901771313673,4.910916007585535
-0.9583154089079831,-1.7726963603020012,0.1459526451259468,0.039941994578050095,0.13315965616981443,-0.06673169328971693,0.0016754389423241783
-0.5102268003734081,0.1393954545919795,-0.5348458276193971,0.3444566554334493,-0.5625003973871499,0.3443343212474732,0.8771482828708957
-0.0695682359720071,0.14876831625200254,-0.13655699517258774,0.06521955757459091,-0.2506913586426623,0.14388601195224004,0.7626218953289711
-1.4417648493174442,-0.6785629893184607,-0.8585659553657705,0.490816157862535,-0.8406487671561886,0.5748280745689308,1.487595842044912
0.5107230909064041,0.2001512395552735,0.4634030199833139,-0.21762571623112825,0.3851923681123526,-0.2761834504866231,1.0435345788649815
0.716290283484089,0.43687813154931177,0.3677718089089628,-0.10059301951932678,0.32787483036162657,-0.21658139801868312,2.7657465746230034
0.013925042489721436,0.8684937908841952,-0.5037632557762884,0.15583069363226654,-0.465375605221174,0.28136696994936483,1.8206775791975929
-0.7036277441394774,-0.6841189807192884,-0.32176138113578456,0.18429569569186638,-0.24497623848537356,0.13412645979687324,-0.816033008641522
-0.09071135141123023,0.30773303360166837,-0.23121855396504032,0.003196227861974349,-0.192433244413753,0.11552263412759055,0.8069049180837482
-0.5087947979186709,-0.66243123834085,-0.044646533143719094,0.08353735921376176,-0.1693537445663823,-0.03023768669075666,-1.669858679486645
1.012395303178715,1.4820277426376547,0.11562683160536914,-0.17214180275747099,0.0956086671013357,-0.1493281461531851,1.1058604881786838
-0.6758914282205278,0.029173523178673513,-0.560678759569246,0.24580491797067153,-0.4215196570041185,0.25582226403628905,0.5830245834139477
-0.2390510021867059,-0.44554476639856316,0.08147096231280929,-0.07051005162913582,0.035799967132438854,0.05099342867663981,-1.427959585903294
-0.15140589599034981,0.19098396450138044,-0.2242225503793413,0.13615265151608258,-0.3222920199441034,0.2371952255654118,0.4007740136033229
-0.565648561388856,-1.863473497938297,0.514624853781473,-0.17983558680012762,0.5845620972087184,-0.27407726013392947,0.33205234612564805
-1.1145945202196637,0.36132499002361085,-1.065181989263946,0.47897719389041754,-1.041959008792861,0.6973089513850269,5.13504585108213
0.6977794841431828,1.0529511917286345,0.11263296905502479,-0.03848661855921526,0.14113303729610016,-0.08771422495496128,2.0526358882932674
-1.1838272995792272,-2.5836291393258612,0.4506786625525926,0.001512414155392142,0.34952941878199095,-0.07956079082273443,2.189513253648119
0.38612316147033066,-0.7428434196056594,0.644240944967793,-0.22490461245623997,0.771076508273653,-0.44808831317691256,-0.5269639810393488
0.4710874377535432,-0.04349296095633586,0.38009773209614844,-0.1815310331635291,0.4179098396676461,-0.19203688528882681,1.0779529438330795
-0.7721995386910551,-1.9009697915819084,0.38128686996103656,-0.06878536120160937,0.2904018270546283,-0.180315910975678,0.7756413317626591
0.05293030617263039,-1.055603026435254,0.5727607437777823,-0.10928522116254566,0.5337665993206671,-0.3395493317871828,-1.102005346382038
-0.017988697504725218,0.29069492609555364,-0.16432949233146094,-0.0035936203378867347,-0.0784279578200413,0.020260513291176112,0.4773428205525723
0.39796033253088314,-0.3006417189069138,0.4891567507430594,-0.12460500014276851,0.4751545482600988,-0.15799616457978025,0.2810959777021589
0.009018639107800014,0.060913467768906326,-0.1118140662681195,-0.01934007164142773,-0.08093981989568567,0.104186478236658,0.8003194789212107
-0.24186787775865048,-0.3794446971103629,0.06629654495689392,-0.005273874447681692,0.14249119165875623,-0.0532675226806056,-1.6534399412042262
-0.6992396498519019,0.13266523227833482,-0.6518062872037648,0.26380006796619054,-0.622850146665217,0.27566026756206263,2.2461332817382984
-0.033583006392588835,-0.8093881415007141,0.4042513641161312,-0.12185966278285895,0.44237199976347386,-0.16600650440106204,-2.0418122508262546
1.4006846081685413,1.8304453969447692,0.17581897027428617,-0.24629697164419015,0.21759232824515812,-0.20134097074590687,1.082451106481044
0.1718102059032933,-0.6166828645706576,0.5945126741208092,-0.1908219398968773,0.49395793019698075,-0.3706963129023929,-1.062903363568968
1.3326562957176937,0.012165316120923989,1.1119851686903177,-0.38995598123410885,1.1009475497393728,-0.699796973987474,5.068036992487318
1.3416358381903377,-0.07640840970138353,1.1247655121038291,-0.5034708474559976,1.0491099799567285,-0.7070695958423382,5.308689568905315
-0.4742942043663098,0.35799407822298673,-0.5538645012221849,0.18184225895997583,-0.5575957289108631,0.39304784717775854,2.4522144020441465
-1.0654160717286991,0.350086857436653,-1.1720808330338002,0.47723737556099005,-1.2160721881871344,0.6880630289320172,5.274439488862286
-0.49701228146164544,-1.6094004886177855,0.3828899250796416,-0.07833994709824786,0.473267033062538,-0.2873189665608631,-0.24773183730791012
-0.16116532519170756,-0.4094483060204893,-0.0387522142271252,0.06339195872787352,-0.008591930426848353,-0.005795390881922443,-1.2654206475416694
-0.020625746868877234,-0.5474357455165287,0.396156308117224,-0.1429876666759454,0.4445158978607636,-0.16067061742111027,-1.5481606055055595
-0.8898036744501091,-0.8083668609311001,-0.39000426156138485,0.2927440667093113,-0.4039286450512934,0.2975369532594522,-1.0396336722660886
-0.2666055137857699,-0.9506324287463807,0.2938450801921033,-0.07282980615605733,0.20159718026336843,-0.06760620677644834,-2.288534059666644
0.35377071929760223,0.721928619135284,-0.004881960218987173,0.011190986462047858,-0.042750025828185295,-0.021858257608484654,1.960774149854424
0.33994328988493583,0.5561414507750279,-0.01734361546700131,-0.10684592158916142,0.024523820586277393,-0.06670689771862362,1.7658016233883014
0.7204900439918251,-0.38066790692235986,0.9621248562330179,-0.39079315676690446,0.8846740220841385,-0.540196404642237,1.7719820530311694
-0.6942966689832799,-0.43293134401497857,-0.30641626433055924,0.12236092326521911,-0.3363819704989325,0.10596769780750087,-0.39556109609348006
0.5382315782781616,-0.4907850386139406,0.7044058636985262,-0.3001659454957123,0.6900519053344099,-0.4090067063421897,0.8191771195327895
-1.1452847157468549,0.1368975101090025,-1.1461188799898427,0.48527322999622385,-1.257656435601612,0.7076133822231089,5.2138026748659785
-1.180680313645888,-0.7684622043496891,-0.5431324247723021,0.22365634286382202,-0.524404369853527,0.31036190891336385,-0.37905182900225726
-0.18759982578180456,-0.0785119623200173,-0.1546671214883989,0.07372706520530617,-0.09490855170340283,0.05303241747806681,-0.037284028707967765
2.0162005803661094,1.0401960211850008,1.3037282982835212,-0.5718453687015159,1.1621398795486593,-0.7028711491239105,9.797163221423956
-0.11106572115416694,-0.3009089852392263,0.0036930718841551163,0.03155498939881112,0.06404017586070217,-0.04847098715028863,-0.9548927702884171
0.005655571948318984,1.2139951864452596,-0.5656630985485416,0.12020633530277394,-0.4380887393124247,0.3696711758253137,2.3731348515720847
-0.03521008263138561,0.4952260689493117,-0.25547827140046897,0.05179208595258082,-0.284655546587999,0.2168902581039228,1.7641766865861341
-0.00922377224526726,-0.9727352711317117,0.5007910557735143,-0.15548353060423084,0.5062672173145275,-0.24097527812968736,-1.2823418401529747
-0.9836536202344541,0.43588314771594455,-1.1005171227993369,0.4944026222185757,-1.0303536017054087,0.6124380694307063,4.944568774697311
-0.5733478970904803,-0.21347721527198774,-0.2057754351362971,0.20986182366638528,-0.18907360017684025,0.17309865504734803,-0.2577160174817563
-0.23436050863680336,-0.73079885882275,0.1897523777450067,-0.04084604866685539,0.19726062900048058,-0.15888731448774837,-2.08451933508028
-1.226205489254127,0.17607662701863824,-1.1964343914867228,0.3885792551900981,-1.1668720520041291,0.5998313092107035,4.768469207808301
-0.5395492586305697,-0.7602196824574003,-0.03644938837342482,0.1264965334777465,-0.10080127830658552,-0.02123995395750744,-1.7258021716080434
-0.2863548884326367,-0.4076017097157115,0.01801743708866394,0.05282339924010513,-0.041937247549725616,0.04790331357178103,-1.6220160082532147
-0.44925080564962716,-0.5473364454723191,-0.1143601162962435,0.13580440129617005,-0.03455690949246383,0.03268696568764189,-1.0144027560531579
-1.0526881183851187,-1.0117073301526007,-0.49225928843373956,0.23755998658584787,-0.48332291743847344,0.26028312529373415,-0.6001848012214507
0.1310298695583419,0.8766601091181626,-0.2810565700890246,0.10169624685119999,-0.3093633309581163,0.06479801370138374,2.030260507509215
0.2231087252052244,0.8569268875857258,-0.1302764091536985,0.012838080356753642,-0.22996934967006336,0.19871659262071123,1.7926475373978603
-0.7803750260876924,-1.4737472280959236,0.15261722114654813,-0.01166241437648323,0.15425329777374908,0.03881613413243913,-1.06572396754951
-1.278081321117042,-0.43693496639620394,-0.9006441390385452,0.39213523844854103,-0.8862573191868093,0.533128162750095,2.442504153994328
0.20021674765525743,0.6945119899773873,-0.16221323125553186,-0.027649980060486856,-0.1450818562538343,0.11616176573707426,2.271185161142491
0.14182970503778636,-1.3265568630158164,1.0105754373217621,-0.2678707690952803,0.872787983565415,-0.5221539261795731,0.3386920090594268
0.9778619475479576,1.1453545632626738,0.17024475419894813,-0.2840657892473236,0.22549324684370803,-0.09674096431634274,2.6054981092334994
-0.11209639132926974,-0.9162459554646658,0.48285892552138515,-0.10594492063714878,0.3576896948535115,-0.22126579161318677,-1.8935080981073384
-0.4042883364545994,0.5292513450965763,-0.5766836314105315,0.19437582163956457,-0.6690717363801526,0.3957061925686811,2.618095990556382
-0.7101362873364881,-0.09283262857474871,-0.5741694675340964,0.2122536607950764,-0.5702845536663375,0.30419986197610027,1.2795747996176496
-0.5314724341561468,-1.7726222133871539,0.44479297215411917,-0.0815644141047837,0.4493690301155803,-0.20184225389188062,-0.5338124994190345
0.05445276507799002,0.22569027092681138,-0.08442580758722773,-0.03491780835419309,-0.02631489412712968,-0.008285685701816555,0.9149645712411943
0.5242634577062534,0.6462374777865307,0.12341356703019238,-0.07523919122705298,-0.09155090939073766,-0.02338600063451911,1.9697547669928241
0.597710127042729,-0.6512460529775782,0.8073614769830278,-0.26791601362848794,0.8657286964134935,-0.5369023333367728,0.447450008613704
0.9714545758919841,0.5951088972446829,0.4602776435891582,-0.23865770940628664,0.48188981669067843,-0.32888534331919306,3.3693951406852256
0.16104602043384475,-1.330485446092716,0.9111423439635904,-0.25350114664553114,0.9014103109568998,-0.5277203961594187,0.8627463297654671
-0.7203858303312141,-1.49183964254179,0.07248444551798788,0.07097258868631316,0.15898142351728142,-0.012550582654234668,-1.202923849534745
-0.2086743079602728,0.40830670509593403,-0.5300818100598106,0.290636734168919,-0.5173776668026692,0.3922200391956647,2.441189121646771
0.3787130064616995,0.7955074728663393,-0.11399245710374933,-0.12968765022832887,-0.07888926987108677,0.07553967752513546,1.8798523793659028
1.1132505801501602,2.1786687541774548,-0.10957204816839423,-0.09777299930669063,-0.22241701576743567,-0.02715947957768346,-1.3773200944980202
-0.836654840209088,-1.2221648067164244,-0.10403552350362967,0.20060086147019113,-0.09608200784289804,0.10125088085715461,-1.2723704471331991
1.0182958563679558,1.1134109151655827,0.3444162075417161,-0.16267299285396894,0.29211953699051674,-0.30462060455113643,2.517074009452321
0.984883119027957,-0.2829780897517975,1.0799652521204588,-0.49721660889889757,1.11106916382171,-0.6154430476239556,2.3312773974972067
-0.05888342634070883,-0.1584036497921122,0.04034083786041657,0.09380691777036573,0.14238345117437334,-0.07782300561116634,-0.9493746678007275
-0.5277219422731149,-0.87586070795727,0.06675261357487361,0.06633989610114518,-0.02676121458623791,0.010389169714768772,-1.9767641838249415
1.0069032460252536,0.8730654210364446,0.4142532324787409,-0.28790254945814037,0.40005056568161446,-0.3216258758537654,3.137464024621293
0.3011079739299404,-1.1745424798525177,1.039896088003849,-0.33213046507919564,0.8387711944506595,-0.4822015577322556,-0.25937761901182693
0.7894112648930774,0.6997056413910274,0.22090216190388026,-0.17403810011158644,0.2468427729081962,-0.32682096733992905,2.873677217857529
0.7899796796510237,-0.31513104367821543,0.8761460625967084,-0.3606693311500167,0.7565108261333392,-0.43701479828092754,1.2503735119712198
0.9199012124096443,1.7262669803954365,-0.19529803196131024,0.020496961562396727,-0.17576293004444665,0.02286207810324132,-0.16772267839402843
0.6090283909711535,1.0886866091618503,-0.027183433271906924,-0.055463926569773454,-0.061889447810286546,0.06288047155457249,2.249814680967739
-0.24931877304172534,-0.5963525159609753,0.07031971554727863,0.024445084641993322,0.05069291630235086,-0.007458483207426967,-1.2485882466839142
-0.6179514149355184,-0.25768532099119446,-0.4245615442832902,0.14621080040582318,-0.3164957653946835,0.14247434217719546,-0.46493907837538695
-0.11838371787806787,-0.49182052676970983,0.014768315849102626,-0.03382622012885192,0.0522774263278257,-0.015577067501950367,-1.2545880845449746
-0.8518227548354457,-1.3416818038714973,-0.10450789569625407,0.18991910874877227,-0.03163874217494088,0.11405174364745875,-1.4091162867543345
-0.022102578760357525,0.4177846780685888,-0.20484577009308452,0.14041375543179085,-0.2726228750676787,0.038480303951440045,1.383698929244484
0.9561985421255537,0.09174938181960672,0.8534699631920685,-0.3766089384981765,0.929781525409016,-0.5350000924155834,3.0499309910125807
0.012744163002803385,-0.141467627592903,0.16689169427796155,-0.08700976704466505,0.07259609662545376,-0.188074906130611,-0.4241722564540776
1.051870867054652,1.2215708896607647,0.32426698263262516,-0.16701689731951386,0.25736644944132314,-0.284220175073115,2.779932692586258
0.36678681846065,-0.5643317377586441,0.6918246500769575,-0.29993239973394786,0.7387272707797661,-0.42789391911251046,-0.2512843592174897
-0.013153135930371443,-0.03497551404461499,-0.021162661259832988,0.05415021702611709,-0.04550405205229674,0.06907495306092035,-0.2517834794034891
-0.9429379717031695,-0.8909259557511364,-0.4611301500586262,0.22384549492257452,-0.4250640970440732,0.28484135690739293,-1.6552760068514734
-0.5476804700133051,-0.6086319847218122,-0.20980195436053106,0.14672077949915036,-0.2554235996879416,0.18560238443832683,-1.3261537040346072
-0.7846836380177525,-1.2605988817306608,-0.028110630928114833,0.05103336849612222,0.020501302412598628,0.04116125043752223,-1.7567537777306526
-0.8157172826608848,-0.1474602189448369,-0.7209171994446254,0.3482642060409535,-0.6495223008414707,0.4310837260094271,1.324826130329899
-0.09002579988487178,-0.40367209866213544,0.09847144041275342,-0.017914638128390267,0.10850547785914001,-0.03893919991458302,-1.039984475165345
0.28740674103459973,-0.46502801622160894,0.46368653293769535,-0.17513478287027895,0.3951353140607399,-0.2676300946475807,-1.1045256207468492
0.14267932742788975,-0.07331588134246095,0.1864621946873079,-0.13006683778552672,0.20069784970003776,-0.20894677768672723,-0.19428929433994604
0.8172639487179698,1.3670089711368225,0.06973610440852081,0.009860485684394571,0.04354817031180516,-0.019972827956674842,1.6153210719252757
0.7734574668004937,-0.852424904085308,1.2300741677206475,-0.36902697473801993,1.1368108011882891,-0.6164456613706099,1.3861033508379683
-0.3467139505978303,0.9292873257175119,-0.8480407118390448,0.3253188045765814,-0.7616583781301519,0.40984345647338366,3.0814597130646044
0.4159508859938925,0.6030300114801497,-0.045903424892705394,0.1336188177468992,0.06638626075658781,-0.031380243476295096,1.936791791911943
0.3093147513336175,0.43332045916778367,0.04435878075678866,-0.046784678235064235,-0.09785995194819608,-0.028659870922409063,1.587959640321518
-0.07281721630200384,-0.7915764114988936,0.3502281294832656,-0.15064563007189025,0.3929243195377603,-0.2427152108698823,-1.827034700961701
-0.8961460781815623,-2.1480510962713257,0.3876125855593666,0.017634339531573638,0.3904623075275484,-0.1440969923702327,0.556667789998925
0.26841212443029294,-0.024513433114813823,0.3616047562488123,-0.14093771650341547,0.2766468840443641,-0.09288769477230314,0.3964712958151817
-1.1768236322873757,-1.5778298149050867,-0.22532256495299055,0.17736671393105694,-0.1973065806689829,0.24623701011542687,0.7039697589049173
0.9392695368860392,0.008608019262333769,0.7696433437483232,-0.2773915237146374,0.7832179862055051,-0.4851985256860129,3.0393802464952397
-0.7688119669356267,-0.8904708425674098,-0.21892295679720608,0.11834465617086269,-0.19157203684981844,0.12398685802759599,-1.9261626636735925
0.36303619943474685,0.7366761802399333,-0.1455419783221355,0.031178956940792202,-0.19595201413023453,0.03202053940516858,1.49083981129176
-0.7197174776510463,-0.18142192000709612,-0.6741754757543363,0.2513705132481489,-0.533230626194824,0.3479452335603988,0.9485672741055106
-0.5254932885699442,0.6731447753852652,-0.8539469683755128,0.26517428999250225,-0.868360908498145,0.46598405118448516,3.993980489654243
-0.4600328881541792,0.8373752279853202,-0.8868349194556289,0.4229996613862319,-0.8861849883301045,0.48585079369580475,3.3990055739432905
0.5296035642522537,1.1664234157096343,-0.2003469784698144,0.012407931118168555,-0.31708724949856354,0.025721421932065627,1.0019148307260868
0.09689105005233854,-1.0035714792276862,0.6467325986844381,-0.22343310169281033,0.6456407592724273,-0.26945189571394795,-1.4166505850033064
-1.1077295704019143,-0.5559501732643406,-0.6323275849796826,0.4009437325472696,-0.6785817636457601,0.39522794266357403,0.5838366969398978
0.5329579167764674,-0.19448423792139655,0.6216726364076147,-0.1962761854686046,0.5265236115991996,-0.3478702062066788,0.3866621533000477
-0.0956873930205249,0.38760526519466854,-0.1867555795073636,0.12512012457365554,-0.2150239575297403,0.048254109533832426,0.6257672505927196
0.30299328494124506,0.09620491734580122,0.22220638604428883,-0.051060094231162506,0.29032213165830795,-0.1700841319506385,0.7060726490829458
-0.17828327019147047,-0.1380942602639741,-0.04434537894105238,0.003758224057115289,-0.052501769215748464,0.0815268830725205,-0.46922539714331224
-0.7715327495561439,0.8749543127989715,-1.174689373116097,0.3690071639844374,-1.1314687417032538,0.6257724374336519,6.017089235004171
-0.3527178336479042,0.14851744538599068,-0.36941384500563185,0.09765403428246039,-0.3305294756816837,0.20885047214610147,0.6384391279681985
0.047905198439619295,0.8698084184546059,-0.48880415272727007,0.03927725664007416,-0.3781515044429755,0.16097305212354368,2.5262009263457093
-0.2833720895287106,-0.6320783295628654,0.23979685783734025,-0.04802369798200355,0.14922238299072008,-0.08477403478562132,-2.0147407503600143
0.18422888318926026,0.955871455088361,-0.33922498544325774,0.17736010437216582,-0.3622509638270216,0.20225338100533902,2.00208237164309
-0.6818489639352637,-0.28143267267101896,-0.3942663025329451,0.20601591559530294,-0.382564823862669,0.19745664799817114,-0.7668910675927679
-0.47011824534503843,-0.4104994051142852,-0.21103934327714444,0.11972724300164848,-0.21926058183867664,0.11384451206160885,-0.5065909986584983
0.6772477015536931,0.44052506930093754,0.35193004233526587,-0.19883821932244025,0.41348792098285564,-0.2690432562008531,1.7968367617991654
0.3055188535535802,-0.33616469163320895,0.3891483384753032,-0.11249157883543144,0.4217802432448508,-0.3113355351659129,-0.5411117639034448
-0.30256019022462854,-0.6256070320842178,0.1532834415677039,0.015179238818171396,0.07566273723761852,-0.0558227354019729,-2.3701868122496865
-0.5429495060791184,-0.39874676900405337,-0.3197697430990751,0.1748363113379596,-0.3718698930081977,0.2568142959980308,-0.41119593743040417
-0.2905923020005609,0.033835665185990405,-0.14980437133465324,0.19029463422923956,-0.15344750727312384,0.20949996512727576,0.4087471002239504
0.12284652275015609,0.3288014269450251,-0.02636206102313855,0.004010633812032864,0.05968381499325838,0.0004056544122682422,1.0982750748425707
0.8393266994755282,-0.5113211787720303,1.1209183414228747,-0.4061044488264899,1.0013408314950805,-0.6274129747161629,1.375720013793663
1.391628436176758,1.6198040877613928,0.4339423137804359,-0.33442111802363733,0.30941999438097123,-0.2392538386764241,2.135531368902681
-0.9952062330472756,-0.45611001933663214,-0.5595796483506105,0.26422960611007884,-0.6354203235499939,0.394317841985023,-0.18959880234740623
0.3995329971541687,0.43512781841067033,0.2391639579061341,-0.08968892386716824,0.10096450368037381,-0.03024146428406796,1.5839318853180362
-0.664782530125949,0.22524783147821636,-0.7674403094490715,0.18032996614767288,-0.5765586424658392,0.3731901590838484,2.2020134395502775
-0.1661889368084353,0.1079238622418543,-0.14052304606150717,-0.002176201073587479,-0.1542297390942487,0.08975971763773126,0.20779506742180764
0.7941991378414747,1.1083091114968615,0.0925777069069582,-0.10473262269960606,0.13439645229746622,-0.21676105255582018,2.376814828403182
0.999446987255357,0.02281586217227033,0.877946102741211,-0.3691782667609448,0.8792908425599987,-0.5888297044180003,3.0192689021914356
0.557030820055258,1.0143721796109006,0.0030212849021593845,-0.08531284649823576,-0.03089951697653183,0.032668073314136126,2.520075435205232
0.9128908974360211,1.224769383254135,0.1031348618317975,-0.11461390491527121,0.08578701256534536,-0.058849120345358434,2.315492580505643
0.8379455743775033,0.580039898422187,0.583184083670881,-0.29485684861722294,0.44198070164252984,-0.26504085219105156,3.36792732234803
-0.27475755941505997,-1.1874556933037228,0.4027195030977757,-0.08964558550022853,0.4177136508537957,-0.25293351102196077,-1.057898847721678
-1.8599778732019752,-2.601387085139944,-0.28730617143211734,0.3484628246006927,-0.30361087613203563,0.20298615293111244,3.6140194469783666
-0.8407800036663917,0.2833697940285654,-0.8965491817478398,0.39910002836583447,-0.8976154613875744,0.4073405099283887,3.683106008045173
0.9195299988363028,-0.651191075408102,1.0999823222108052,-0.36570295759749066,1.1330788381000079,-0.6078693529520877,2.060389059064931
0.6898405240337756,0.9855216397066848,-0.030824781622512884,-0.06659907051544844,-0.08428129736489431,0.007852747941243698,1.442268984630244
0.5816193939050195,0.876495392788778,0.11257402952526073,-0.10487163900982581,-0.08714961915932312,-0.07270284412804234,2.7260092074210887
-0.17560353702156312,-0.05602694916741185,-0.13250644073590823,0.00757808310365253,-0.05038800703937982,0.1350207544032184,0.20151969426272714
-0.8585791616745335,-1.0690386604634552,-0.18337590232233922,0.19150708651285409,-0.13523904617545768,0.13401479303461272,-1.063792867328519
0.5246373656167939,2.0032194723444894,-0.6037647613240151,0.05151395611273231,-0.5221368906715309,0.3162371065356011,-0.08644368143248571
0.4211421677750315,0.9916993319698325,-0.15352210711807407,-0.02391214505523211,-0.11444899656798371,0.1062627050880932,1.7886620110761162
0.5776072483352557,-0.5069821156850742,0.968534036394329,-0.32693084546301626,0.9166639678206439,-0.5170575406006657,0.3758498958411233
0.7238253507798466,0.4564456910098078,0.37435167107684997,-0.138716629059737,0.428736637215834,-0.2815739445854451,1.8490833143075087
0.3539148395908155,0.391891050494574,0.12200411405523265,-0.17971005728063716,0.12761307806241937,-0.13635324602792154,1.6034153044962192
0.5524949191418053,0.3347914517014376,0.17368367544678887,-0.10097369875847212,0.25530424976196514,-0.2011014269449077,1.4961404167551235
0.521095369575707,-1.183784639536762,1.0599164929026452,-0.3739010720059775,1.013277519390465,-0.5398690768298989,0.7774315739336717
0.6208238112105756,-0.2915467089345346,0.7457240649956642,-0.32637372151121924,0.5821332043533483,-0.4028585602158138,0.7264443258976361
-0.2412683494510544,0.3985695885207081,-0.41888570034919814,0.11184642401130006,-0.377567375987538,0.2440684101420702,1.7336901975224421
0.10402330263339314,-1.3766875035550032,0.8517927749752526,-0.29979291997008406,0.8059431886925991,-0.4815574983563329,-0.6791529315941611
0.15074405505869248,-0.29898725116945585,0.33956260139418143,-0.07102645552685052,0.31619714047207076,-0.23198891298148,-1.040129954521247
0.05838076640548634,-0.9429002736768497,0.4750281109591356,-0.09269130619163779,0.5110414755199273,-0.2587168149616735,-1.488085273546928
0.4312295014913575,1.3369210878238038,-0.44358622394767044,0.0959140802468954,-0.444949768696751,0.2080037350213671,1.1230227232987082
0.9340110995210017,1.2154269282492332,-0.06841511523678107,-0.16168659231174687,0.035392283758897566,-0.018121114805330733,1.87478117251693
-0.020309846471030082,-1.7179084965728038,0.8969029786409881,-0.30731607055590837,0.9057276418844431,-0.37401371400275996,1.1287867166982792
0.520787439283485,0.14623021593007438,0.13958908172291892,-0.09950271975582692,0.15925989939993382,-0.1383575654558057,0.8262724592534185
0.07462748954328281,1.4028380337257442,-0.7497009699205426,0.16088410386546337,-0.7022967500772097,0.39931033220321765,2.4416895453403193
-0.9227638844559517,-0.0008225304101371917,-0.8539454749617547,0.3668981030172631,-0.7272582082353207,0.4046472752434471,2.36562690328754
-0.5842780962386727,-0.43875571997947194,-0.293228775321438,0.0780849570310643,-0.2449921684326829,0.17670810027515255,-1.0169404530562969
-0.4375284098564893,-0.6253348445216639,-0.009943474413492637,0.003962998409770692,0.008409577666237823,0.116754398202881,-1.4166232530280598
0.10228607957881967,-0.34913540979835056,0.4354472212784949,-0.12077135803718178,0.281561549882111,-0.2760360597642131,-0.9346087377722221
-0.33357980272367704,0.15906614790029608,-0.3742839507210928,0.11046381486893872,-0.2602004251432669,0.19198776293620362,-0.07613694516908631
-0.9031083320271098,-0.06336461643233555,-0.7818853946207575,0.402222810949399,-0.8194703246889502,0.49162073388928423,2.0541302862629234
-0.6135200599336293,1.2732086215666216,-1.1835370788675579,0.4151276820916747,-1.145509549212044,0.5495685691992286,5.0598627397643305
1.1359265013534048,0.9356334592694936,0.5224539746378065,-0.2643037784959837,0.5034267436974568,-0.41618171100343615,4.144040495228032
0.5153065887300294,-0.14458303361740643,0.4847984801913401,-0.22227378925920255,0.5662024629213775,-0.24007194438901303,0.8152187172199785
-1.5139637705080906,-0.2078517250950839,-1.2589034994555275,0.5021880345854092,-1.1227972257302796,0.7596156592378328,4.514092927031578
-0.2706922514344199,-1.0683069468764805,0.3871168841223182,-0.06697035389751076,0.18653600265254575,-0.07700333358769498,-1.9582875031049611
0.39275328390505476,2.4268434166704655,-1.0336023129481482,0.27816169835213833,-0.9413667663077351,0.5111265586343998,-0.83985511497073
1.1322352724569273,1.9522301495878127,-0.025692770827944432,-0.15672404720995547,-0.01218310603478695,-0.13351199203280556,-0.3957082995458815
-0.7376987110271969,-0.15788966164648124,-0.5499010674432886,0.16304019093409722,-0.3797577105371044,0.25476096355291017,-0.12440399258072898
-0.9895319978100007,-0.4334083730788138,-0.635229675687351,0.2987981685211025,-0.6278930917137231,0.36265048504352076,0.4972748667711947
0.8295896522959821,-0.09334871859364116,0.8438424998604982,-0.30640538968372627,0.7897148356105781,-0.38761688751012385,2.176680582816256
1.0558479656809765,-0.3474915876121957,1.2146500096993258,-0.511876841659528,1.2435045783643042,-0.6469287709049937,3.678129343625854
-0.032729969807864974,0.02679472048577454,-0.019078834540964366,-0.005931948155545513,-0.07359048838897309,0.039712732433724696,-0.2621489367493866
0.5033280899529665,-0.42234505338131506,0.726610875826278,-0.3273789592571148,0.5465308514418941,-0.38785063183992163,0.30713587187718083
0.0740987421537409,0.12210119632090685,0.12225692935423192,-0.005579397345275669,0.06025858319195291,-0.007593164626862298,-0.08036074548416894
-0.5584349766849478,0.19490800631989347,-0.6534839562322782,0.18524722838343413,-0.5142652382472718,0.3139693791294503,1.2418738162964402
-0.16942165630764278,0.9958701397457042,-0.6815671404725316,0.1721647789306614,-0.6359145975684259,0.33993490543741933,3.0969083166679776
-0.644739157798609,0.22884288309867057,-0.6086257274795194,0.23669662150116522,-0.5430415098258179,0.3664900714049536,1.7797502186238192
0.5634058576632582,-0.8926382922228921,1.0860412646455802,-0.3002962026245411,1.0177572286108176,-0.5384569015339352,0.797026771574561
-1.0647942622229987,-1.5801789679222915,-0.07874676687802154,0.14505093661797452,0.0062907771535591454,0.12133054023932907,-0.56160305692737
0.8083300317530941,0.00345123804950008,0.6570216746619689,-0.1710602032889244,0.7126633449067176,-0.34812826346116843,1.8634188337908921
0.3218162180788597,-0.3973393007027191,0.4947816765643369,-0.15709949006306453,0.43090090410707693,-0.26219706038104806,-0.7638534403497764
-0.5393399671166008,-0.10586772775686717,-0.3256041324781695,0.10063689718666362,-0.3530025811346795,0.2161246447030591,-0.04437992901714343
0.061952457207822116,1.4694946961472353,-0.7678057315593121,0.18839460987576903,-0.7415787354193574,0.3635854545512074,1.808809998999872
-0.048966887385053615,0.22558494547889496,-0.16948277636034828,0.009698245755273956,-0.14071215230889325,0.13962206456571014,0.9288797188902649
-0.33164787933358825,-0.08563586094158751,-0.26236824496888833,0.12021596860644822,-0.32980883237601816,0.07897314714322223,0.4679326695382304
-1.4240969752648358,-3.6242684832945073,0.7359923490895656,-0.13528450917268867,0.6326416495146091,-0.2129361578131569,0.5575486368820587
1.4095316754170089,1.6657884834814947,0.3532330291052465,-0.2661040880206146,0.36541781884513264,-0.22955849132017714,1.4706101325867917
0.6985474849394616,0.763591086029231,0.25088691549898834,-0.11369435951741831,0.13446391448752862,-0.09913675784176626,1.9673908791295573
0.555741680637121,1.94551162095641,-0.5889346980892194,0.0730484064480974,-0.5089732761443448,0.29641312196387243,-0.42400715262770394
0.7293592138133486,0.2607202661229746,0.47061686877377795,-0.26111474592216843,0.4750431962661989,-0.29323271695344527,2.2146951226046134
0.6970852229419404,0.3181727761594217,0.39086367233912755,-0.19916054089382046,0.43061500374457656,-0.2882018644225694,1.9576504684277645
0.8738133086531817,-0.11473152842551194,0.80522799160021,-0.2853999568574316,0.775259057676271,-0.4886602530758965,2.079642265106199
0.20799813546666762,-1.1415311887295991,0.7628361681962441,-0.20121280541074144,0.7626029452567558,-0.416447883068925,-0.40772432260217334
0.24365334470413724,0.239100771079846,0.038413918723313116,-0.007274218854624821,0.004686691647219229,-0.045827173514015385,0.7160809794558032
0.33606844811503434,0.46336295440085407,0.10370704629085493,-0.028706529327776856,0.08313218254706384,-0.022761174799365895,1.6911521566262315
-0.3777844875351722,1.5500959544121873,-1.197311116895751,0.31857959674281056,-1.1526918899624583,0.6893646658075707,4.43612114496328
-0.471458412003114,0.8558982714508242,-0.8256401559813706,0.2560769959494908,-0.8579116033670763,0.4709114145632627,3.4576022703429756
0.7292531068214482,0.1310566936102105,0.5704677479680862,-0.3117496453885749,0.6199946529832056,-0.41072790235117307,1.644824537246231
-1.0972804661698168,-0.6357256436876658,-0.5979807725024573,0.3213020788186762,-0.5713957134283343,0.2992995075712379,0.045941911223982695
0.6884935577220408,1.1301032618598599,0.0013405680600007547,-0.12382087389122397,0.028331044530177887,-0.041239774383178114,1.7191431987235595
-1.8968849254778835,-1.966732605519391,-0.6310587368178068,0.3578723048251888,-0.501881045826341,0.33765813612165796,4.647016044856112
0.0993758395101757,-0.4959911378219093,0.454877200774164,-0.20720801094748412,0.4384622460004901,-0.19102218156775452,-0.7133291229840835
-0.0725541561047147,0.09035280143532695,-0.24248791208717793,0.03646630210158313,-0.12348011260864798,0.058735540480064935,0.6057876594001443
-0.19082763411359924,0.08241967599072311,-0.2510669053245994,0.13937079890498333,-0.33906432631414063,0.16815333128525672,0.5161685562650968
-0.985543935919396,-0.6807047216868457,-0.46720871982780376,0.2521746430391526,-0.4340596714921943,0.3002803589083638,-0.3137785337187114
-0.48897800641940575,0.46643886530684486,-0.5827815944912247,0.22905045422191772,-0.5899004503641241,0.285706910234776,1.981605483609516
0.3362330407757296,1.4857942523259182,-0.5280504957493187,0.023010221868470293,-0.4734260192744841,0.23846640097804667,1.023562352730718
1.031640218427235,0.754502524526935,0.33535504974779656,-0.253177410713614,0.3842477093184974,-0.28065794010176975,2.9752155733875107
0.798577256006798,1.0857488912472695,0.11603550220849587,-0.21373402629377064,0.11576954672608362,-0.062480727895899,2.3336411165003343
0.32810708361510577,-0.2151735464682884,0.38415776368744425,-0.1349524332025988,0.3743679461025709,-0.2481733207897396,0.024704458436791032
0.3340793123716688,0.15250090083110593,0.14696274413604882,-0.08824676744082031,0.16726637721331844,-0.09456703988186861,0.7835717834496531
0.41124402216949735,-0.46545192250056616,0.5336727087646758,-0.2405778516946179,0.6580178479811107,-0.3552298492764947,-0.49911545543193725
0.2724299341252293,0.6451436246176633,-0.037259972823219994,-0.05434648152659517,-0.10166756313044789,0.020846686525025793,2.4701356270872123
0.7413745180290731,-1.1128871470756554,1.218099828683729,-0.43928126955323527,1.252315610077234,-0.5703226102529402,2.7860164238035203
0.08293523448612325,-0.10688272476063183,0.17810496136402143,0.05770378096846959,0.1094735535545315,-0.12098322378878532,0.2387463348441995
0.3126564358863807,0.4403627848243239,0.03250826302558801,-0.10677247388801611,-0.09040720200875471,-0.002930401272504664,1.5712785987613418
0.17708734125979847,0.3556009659758768,-0.07534082372027169,-0.03461969626375397,-0.07010626206095744,-0.03097730842957419,0.8396484903790594
0.09072442369423808,0.797399097610352,-0.3505949563554239,0.06629990495340801,-0.3674293859073201,0.06699838126980306,2.1707967104853507
-0.2005451986562362,0.26355450638143885,-0.4133253511310557,0.025445746553419135,-0.2810961587509649,0.18836286254113294,0.9610065187591801
-0.06372379084272539,-0.3047720206153356,0.08431342231808349,-0.03273196349492956,0.0831478011817014,-0.012039253345254856,-0.9767793489432867
1.027165879190689,1.3256408585484607,0.13572034783601247,-0.1905122894288803,0.1488472578628905,-0.2694924585186574,2.1387029915826865
-1.2102914445894337,0.42584944047076595,-1.3971603574966713,0.43909539767368194,-1.273879523849493,0.6518728259175841,7.0941489332963545
0.1222550831329122,0.806743194730508,-0.2903383959885852,0.09733374447120144,-0.3591602332130937,0.01559124359504202,2.0447542258739793
-0.6298972202497285,0.7785653993961571,-0.9722072349342699,0.22214134626262716,-0.8650145146576428,0.4873868691133585,4.175531931357754
-0.5286275896550614,-0.36715126166203776,-0.2541725377925016,0.17219924927083197,-0.18729401336377333,0.21426279991157932,-0.6325235213772523
0.7632188177641349,-0.2169127899182356,0.8181073562955941,-0.4101362923335287,0.8263809916106809,-0.536071800448099,2.267186647907316
-0.14420592419654227,-0.6053504871047055,0.2606966174038326,-0.07792745858638846,0.15004026717254565,-0.12671468771360694,-1.9447462599016054
0.08523763670379737,-0.21023265434387647,0.2258767657183204,0.020724046805081317,0.2496212865579021,-0.09808730889415426,-0.13213730861808298
-0.3754786777086806,0.31428928265428546,-0.4115836824903114,0.17635898850150278,-0.41622530063019963,0.22027338821798012,0.9473076239634476
0.11124367137834956,0.34430408594427253,-0.010038661159940891,-0.040191534866112065,-0.0412236781655337,0.00987760571188584,0.6312531144072431
-0.5565509136641933,-1.965877629079074,0.5569982969924242,-0.0866549251655867,0.5570360116813283,-0.281036362488024,0.7392112671355419
-0.8102297399855463,0.07985774683010707,-0.8193622263708579,0.3475532097196779,-0.6508943581039165,0.4365519084991759,1.6692820802058685
0.3460589705663294,0.17710328478156734,0.24819355241537605,-0.10649759374229661,0.3222346249593294,-0.13353446910392341,1.2017688357570733
0.009975637552394306,0.06867974242126977,0.0027128695687211064,-0.01902107473440029,-0.033924475643176806,-0.005399142863689126,0.6543437608591877
0.02971727565794511,0.25379079102051755,-0.13740319496783374,-0.05708292680394503,-0.04576364078968735,0.04087503970024731,0.8367700567150341
0.36258508496977643,0.2472346084963452,0.2198472507933276,-0.07170181484161421,0.2911078671834651,-0.10490028202627266,0.5920217462681094
-2.1460923900792865,-3.2103602609388497,0.016879547642472972,0.3021948951699774,-0.032284281637660776,0.21062181460515456,2.851724339429109
-1.9450086965505566,-1.1610048851472141,-1.117835181879341,0.5855549643993923,-1.0849546360171336,0.7000314317419614,4.431722490773677
0.4983249019727949,-1.090911838902226,0.9701471995005075,-0.38312956449312313,0.9559207923391264,-0.5596963879334101,0.5637497173504501
0.20708076654833482,0.5670038329296134,-0.04139714854218476,-0.02501423843778918,-0.05065930604771716,0.03229416187841823,1.4577335206656161
-0.6372870935679481,0.40460251762839083,-0.7258871190286601,0.3140626131063456,-0.7463554334364549,0.41052437523036406,3.227950168641639
-0.03194513861389828,-0.3533696663598797,0.15144720833911118,-0.015897398445909407,0.2208483458006854,-0.10137066429925085,-1.4007068081274887
-0.6285370054119029,-0.6421753352594979,-0.2607745434004374,0.19163715095242817,-0.1541364592833684,0.11842679914565438,-1.4728263721569863
0.2186122459171441,-0.267164401500348,0.3728258522810007,-0.11711364255218015,0.31947284346985017,-0.10449503383498143,-0.3131425702741627
0.3567493081001881,0.9848827153991545,-0.18709583765082718,-0.011568814117297606,-0.2219374651137245,0.10975298026411505,1.7094580531479908
-0.04419648992963972,0.4666649097253982,-0.28695348741516225,0.03386828633705184,-0.26742505071801864,0.16246489695786281,1.7904376086238356
-0.3554004614679117,-0.43671083742272226,0.023017227399171974,0.09188153842490425,-0.13861568821982087,0.03774615443556879,-1.174593486219302
0.818952313997283,1.2168632845532896,0.12925757600361348,-0.09252575846339994,0.08187909955606035,-0.18807858523751197,2.4786597113060025
-0.6963530839664703,-2.0760130808807595,0.561472106568886,-0.06319710790033127,0.5024855889476275,-0.23768041813161417,1.1293113915750066
-0.003114288596799224,-0.17607262069213944,0.18961548224463973,-0.04102477544342576,0.12652051089654393,-0.08748097008466674,-0.28828603144771175
-0.5186488914586707,-0.10268898768581325,-0.32568571774169885,0.10652844245447611,-0.27595214845550875,0.18890964912278144,-0.035096923985395684
-0.30907851228263467,0.29475549074380153,-0.44897015336528345,0.2044433467696155,-0.42737246801543527,0.3036061912751459,1.6102308013475324
-0.7066533275446425,-0.7978295912376592,-0.21431578067173704,0.17903791186708373,-0.18176459814745397,0.14655044001017992,-1.6842892960332032
0.28451613455557256,0.3187130919028509,0.027961468493982452,-0.07134445842897033,-0.0028687169144909416,0.026924648844552666,0.7728921404324601
-0.07502947776226435,0.5832611371555276,-0.4283019840298617,0.14815837050583858,-0.39388111761742567,0.2059473529133532,2.827067749154529
-0.2692048398015159,-1.1202756509816367,0.440935339820653,-0.06627695227954117,0.32710705165606463,-0.11016671142410085,-2.0161504083157094
-0.5130837334253523,-0.3305507908943148,-0.2808022045492812,0.04542284193956754,-0.3119099329848335,0.21203596716875017,-0.546756790670853
0.07905371542357773,-0.015526707330340186,0.25238028985853994,-0.048982546946811194,0.24156339063061044,-0.12474692614918555,0.11570209037831847
-0.029702510540309333,0.5892893606076445,-0.30513408491915067,0.04613688759597617,-0.3781774015306315,0.17052718514994053,1.8809737073195403
-0.22653302668333586,-0.8030104376266315,0.22619260084674217,0.05568341675592841,0.2226464650157218,0.028616275933300336,-2.205896460002582
-1.097030635399959,-0.4856134762419025,-0.7420360829404261,0.34320389725061895,-0.7268911934796436,0.5476914462687535,1.3562911731693938
-0.6447027928215796,-0.8561936842810072,-0.0765966012805856,0.1548736318895344,-0.14288100278247118,0.06735140389959032,-1.744548724137751
-0.5307727065740492,1.0748437617672355,-1.167092278602064,0.3721891229683157,-1.0418764735068773,0.6477342457887936,5.845782834223798
-0.36607705883323843,-0.5038380698337749,0.08028136284027695,-0.03388580628349936,-0.052301751110366015,0.026851113762798452,-1.8620102180809903
0.47090830531322575,0.9562638379066467,-0.04109690383749158,-0.02782133092434054,0.013769755897394903,0.008784541510208129,1.7160680553366592
-1.4096328947601129,-1.0348325215820753,-0.6556240296676032,0.3862452673625721,-0.8272160588772953,0.4417420778171792,1.0286110967569229
-0.23906976602308952,-0.04478098277437568,-0.26462329422714487,0.09386820323830349,-0.1740958219298492,0.07738630152453255,-0.40915475935729606
0.4279971402454417,0.3636331406428072,0.21725317071874647,-0.09920868534492198,0.2608748251363935,-0.1074377144581596,1.4516605274421743
-1.0410673390823204,-0.1360006499033332,-0.9455171143292855,0.4335240049042892,-0.9034183016515861,0.604526796860956,2.8045198257185913
0.5096920810548344,1.4100466612744247,-0.2766967961358779,-0.014912700687354908,-0.2189285421791134,0.14435317816353543,1.614897565423202
0.7162999964963946,-0.470029422600451,0.7972472370652928,-0.2979720676996827,0.7208109882368531,-0.4192051167376946,0.5709175743398998
-0.5340552851483351,-0.8629571722083678,0.13663452227697942,0.05164148815899127,0.12661298094534204,0.024798621232037243,-2.2353848785387
0.7941224653211678,0.9518973701144917,0.17466991720595876,-0.21550793862230522,0.23103682196209366,-0.10471767395625625,2.4936869135359103
-0.010083241095841217,0.21731949957172758,-0.06604369929076301,0.059804701358719695,-0.1835126203794145,0.11372885664890088,0.38443790948728207
0.004595853608293864,-0.33032862790435186,0.1847213947895896,-0.04960611050205067,0.14135007442102626,-0.12396051666049834,-1.1196279856656501
0.23064751268863182,-0.7307084780744176,0.5560117685581392,-0.21059936866458068,0.5235616257599781,-0.2572305764829225,-1.1696473552260864
1.3686637684537568,1.2794598907927341,0.584780108825505,-0.3798243445380449,0.5902913792158913,-0.3896349180291162,3.5905110572205703
0.7567542389169709,0.9910586070141805,0.1628453430094721,-0.11676327352572569,0.10264114319588735,-0.1059680024627674,2.0144424315437126
-0.1437945509834536,-1.1170763629508376,0.4797801490111279,-0.13548853442737743,0.4410014758942115,-0.2392109026270786,-1.0356839985058661
1.351141184897635,0.98294017028468,0.6896938360189233,-0.31231999941196986,0.546960177194756,-0.3036173991520176,3.9697957325444873
-0.5145946870676606,-0.1307288742917721,-0.3630155896460991,0.16099314952316832,-0.3199505441540344,0.1749273802505154,-0.4093591610241516
0.12979464357691228,1.4286793046767277,-0.7094141311922797,0.19784563597545046,-0.7144383443980507,0.3762926931790983,2.4760204346814456
-0.29604640366656115,-0.3393495782966685,-0.11802633887027933,0.15862747122396037,-0.13925341685608122,0.076675560900182,-1.2785360401820984
-0.5001687704456956,1.190724575952513,-1.1316058896361483,0.448993450572992,-0.9800338725646829,0.537800154063568,5.196578046105632
0.18719452142370466,0.24406577745810984,-0.005298565876435811,0.009450761837732831,-0.048643795877169625,0.05025934631945271,1.2499078217253579
-0.23370090679586403,-1.0809232133137603,0.38417094475557284,-0.12943101516375657,0.4942288055437037,-0.2434141241691667,-0.9499408181194079
0.07684524133868856,-0.3258975540512268,0.28491732336077435,-0.045926745732907906,0.28827559474636,-0.06604188998226461,-1.204081707739775
-1.5046454178485333,-1.0318073052118135,-0.8619277798699326,0.40899536726707747,-0.8116697077347875,0.4880427309032904,1.6964409643364178
0.0440096588617623,0.050027770698394314,0.0727794479742041,-0.07512144197336879,0.11750489446478546,-0.049042247861632665,-0.052232100634717504
0.016033360469975368,-0.48667757720294214,0.24841118431959616,-0.19931927135403385,0.19041412763174903,-0.1347304060713702,-1.611990399445316
-0.005008695077393516,0.9535712824629763,-0.5159786526268743,0.28034416281946356,-0.5909927486357336,0.28052270894320264,2.7313762861282784
-1.2557221183190348,-0.985011104447209,-0.5478262851193074,0.2823788742595011,-0.43583528873222954,0.303309215293962,-0.13638599436713908
0.4323843112931845,-0.3376786937009013,0.595320698453445,-0.340457104527434,0.5939433845080181,-0.29512908821698036,-0.4536561546161099
0.2833378152888168,0.23590749407417033,0.16045647366055288,-0.10705459132241965,0.15767766661458918,-0.08581756304514752,0.7347844668108583
-0.24074820350488743,-1.6875254421086558,0.7514843170776985,-0.2913041280357088,0.7412339666616247,-0.38564595781170685,-0.04468841676035762
-0.6817049629921326,0.42814171343747126,-0.7876230277204752,0.35676012535467755,-0.769605112915366,0.4323539847619255,3.4873722362189565
0.9633697515273355,1.049343274237939,0.1239332005099329,-0.1544367325926499,0.11149099408321614,-0.24267066631227902,2.533075733623368
-0.6471179366567057,0.08329675618204091,-0.6201692471736031,0.24911275872190974,-0.5155349946700796,0.22629636900625316,1.1797115851604798
0.2572947993816424,-0.33635835221661425,0.3953990232417525,-0.20650735928634503,0.3151708081561463,-0.20432729047860523,-0.02874690831109375
-0.21012955522841423,-0.7386204701780278,0.28578213680108266,-0.08298767635376963,0.3316627164550049,-0.08566113597567185,-1.7504064508383863
0.196877169424536,0.7376066286115452,-0.19557430735597922,0.13919096161137823,-0.1770703410932859,0.060042686488707434,2.018012955232779
0.48139449185973604,-0.5143719493905473,0.7616597332479409,-0.3367476926554914,0.7693583629574922,-0.441184668764476,0.2997157534263935
-0.6665522477186986,0.34288739147020786,-0.9261802383365885,0.4032631923848563,-0.8560755100236167,0.46024056792461066,3.41883288985752
-0.29863668440507524,-0.41960792096691335,0.05258109012260084,0.07321206021927179,0.10056836175490202,-0.023598845175901342,-1.0268084477874075
-0.25450589204821006,-0.21787833964364647,-0.2374329720436146,-0.02478088229257229,-0.15618183339856026,0.07039241506746206,-0.8268969243862618
0.14726779938574613,0.04030797390329703,0.1665365303652684,-0.060353035218527445,0.028895834631333037,-0.0433737992003046,-0.1860798891987428
0.2066758925337932,1.0715932183145467,-0.5751640486652235,0.1863408779765866,-0.5360917808466422,0.26123522478380906,1.8596177882383376
0.42925339277484287,0.4240516254859047,0.01638817685360995,-0.014728078813425277,0.0516427571004915,-0.0468472672208177,1.331396878963068
1.3000239719927416,0.8222727323622954,0.76262130275239,-0.32162579916658535,0.6151578453792376,-0.4474516523516524,4.4147446126100744
1.361560187947951,0.14500090833960572,1.0848926903654335,-0.4524637768855766,1.0503329267214345,-0.6982627574324718,5.486724386559765
-1.8390279658057747,-2.594687951033754,-0.2944714948644667,0.27567228173793784,-0.33054931801787046,0.22339897873588077,4.0652454735184795
0.8984312966735959,0.3009688199433479,0.6195517345621527,-0.3636353624506483,0.636275229065607,-0.34052095603043747,2.7699220107746143
1.611388843180413,0.4582402695380585,0.98520273230957,-0.44683380517257265,0.9876862030436268,-0.5241595260118611,6.417177582787764
-0.7917183356863631,-1.5761925579414355,0.19088990628205912,0.05010772918113945,0.20185372383679218,0.0008069077323034288,-0.07680371154885263
0.48745807056263857,0.46109662636384635,0.2444689778161298,-0.07898819515874347,0.1298597498938954,-0.17338224608574898,1.9101081884730555
-0.5715385486639424,-0.9737008229155202,-0.024600304196010964,0.07054483937385443,0.018982973937211017,0.005210374771688446,-1.5236678698300732
-1.2435085881171193,-0.7818257932519176,-0.6972778767112372,0.41837343499177543,-0.7066360414894164,0.2863803464565535,1.0926162076228292
-0.8396056194634389,-0.9192111187796965,-0.24666683013132062,0.07535785205918674,-0.18364228939562602,0.1723802988385899,-1.7429724955243686
0.4491125244526012,0.23766853311643493,0.30326975380983157,-0.19329787836121404,0.3012448467719339,-0.20038506293202157,0.7405965930040324
-0.7790458492867183,0.46948503076681836,-0.9807290905652758,0.33197806359251064,-0.9690740506046509,0.5471112637956752,4.105400739992592
-0.23689162027179902,0.06423999279743495,-0.14367023366355378,0.06316980296440182,-0.12094963565440493,0.06890125280627785,0.13051361538553946
-1.333580447500626,-1.8010470532422282,-0.26547953378799793,0.16299320819213467,-0.25143416408241825,0.2380936303327375,1.7071498509415683
-0.7312844071896426,-0.2323956325844126,-0.4915231954936642,0.1880620010611106,-0.41048248925864034,0.23462693092405748,-0.1782497960143904
-0.5809528110622099,0.9694877473870395,-0.9482091725310285,0.37027608357387265,-0.9385549365089072,0.5949193185605448,4.478432030245075
-0.8936936743899229,-0.7038497596862813,-0.4730217975080386,0.22923572143478171,-0.3059597915641515,0.26776328978936276,-0.6973991473000793
-0.7402186797830786,-0.03326381138591372,-0.5464078000046209,0.05427599645148762,-0.6530134473268556,0.28196704509037507,0.7229740760670775
0.2762768975773348,-0.3535075651944945,0.36964095404053476,-0.1587018506622726,0.4120984911215097,-0.32008921699520965,-0.523238583986564
0.9510871367101549,0.626713725901568,0.48554223149343306,-0.24333481746246197,0.5312460914165988,-0.18705184448137466,3.7844237939754435
